filename,basic_ntokens,basic_ntypes,basic_ncontent_tokens,basic_ncontent_types,basic_nfunction_tokens,basic_nfunction_types,lexical_density_types,lexical_density_tokens,simple_ttr_aw,simple_ttr_cw,simple_ttr_fw,root_ttr_aw,root_ttr_cw,root_ttr_fw,log_ttr_aw,log_ttr_cw,log_ttr_fw,maas_ttr_aw,maas_ttr_cw,maas_ttr_fw,mattr50_aw,mattr50_cw,mattr50_fw,msttr50_aw,msttr50_cw,msttr50_fw,hdd42_aw,hdd42_cw,hdd42_fw,mtld_original_aw,mtld_original_cw,mtld_original_fw,mtld_ma_bi_aw,mtld_ma_bi_cw,mtld_ma_bi_fw,mtld_ma_wrap_aw,mtld_ma_wrap_cw,mtld_ma_wrap_fw
1.txt,365,163,150,110,215,53,0.674846626,0.410958904,0.446575342,0.733333333,0.246511628,8.531809938,8.98146239,3.614569999,0.863362512,0.938100678,0.739258891,0.053326257,0.028445187,0.111789063,0.712721519,0.894653465,0.45,0.722857143,0.886666667,0.45,0.767069956,0.899624049,0.536857288,43.91234985,157.5,13.3962244,40.05948341,10.5,13.05915238,41.77534247,146.6891892,13.06046512
10.txt,315,122,139,79,176,43,0.647540984,0.441269841,0.387301587,0.568345324,0.244318182,6.873921272,6.700692544,3.241246954,0.83510828,0.88549416,0.727436758,0.06600129,0.053432127,0.121381298,0.644736842,0.656,0.448031496,0.643333333,0.68,0.426666667,0.718876863,0.755674879,0.491433781,33.64285325,35.63347458,13.24208541,31.80879503,27.1109143,13.56146404,32.99047619,35.97841727,13.23863636
100.txt,354,130,125,78,229,52,0.6,0.353107345,0.367231638,0.624,0.227074236,6.909422045,6.97653209,3.436256722,0.829321556,0.902325131,0.727170753,0.066958896,0.046580382,0.115613673,0.659278689,0.788947368,0.458888889,0.662857143,0.79,0.445,0.728645451,0.821557637,0.532531103,28.04606776,63.39348572,14.59533116,29.23835544,49.92629179,14.25572364,31.03107345,65.84,14.73362445
101.txt,316,126,137,74,179,52,0.587301587,0.433544304,0.398734177,0.540145985,0.290502793,7.088053776,6.322246667,3.886662482,0.84025339,0.87481337,0.761702304,0.063906643,0.058588209,0.105775962,0.696179775,0.715227273,0.485384615,0.693333333,0.7,0.513333333,0.772214583,0.772309662,0.566707518,39.94382022,34.25,17.18330886,37.961336,30.00671268,15.57477041,38.36075949,29.64963504,16.15642458
102.txt,401,132,162,78,239,54,0.590909091,0.403990025,0.329177057,0.481481481,0.225941423,6.591765437,6.12825877,3.492969628,0.814620178,0.856339328,0.728386852,0.071213808,0.065019097,0.114200045,0.618863636,0.617345133,0.430631579,0.6325,0.613333333,0.45,0.717752181,0.74328534,0.502919752,26.62381251,27.07769784,14.49816176,25.79593292,20.57939469,13.79805188,27.76558603,21.94444444,14.12970711
103.txt,328,100,110,58,218,42,0.58,0.335365854,0.304878049,0.527272727,0.19266055,5.521576304,5.530083018,2.844598938,0.79495242,0.863835756,0.694154155,0.081501535,0.066701642,0.130789624,0.57046595,0.594098361,0.387692308,0.573333333,0.63,0.4,0.637188268,0.705372416,0.443435547,19.89705882,20.71495327,12.64728921,20.71190532,18.23860164,12.71960112,20.93292683,19.71818182,12.61926606
104.txt,264,109,114,63,150,46,0.577981651,0.431818182,0.412878788,0.552631579,0.306666667,6.708486258,5.900490613,3.755884272,0.841354144,0.874780643,0.764102987,0.065512719,0.060877564,0.108404007,0.700465116,0.631384615,0.545544554,0.704,0.63,0.54,0.786349619,0.725679954,0.614400457,40.99098316,28.21712159,17.64062158,37.92237887,24.25206271,17.30893279,41.81818182,32.47368421,17.45333333
105.txt,303,103,107,58,196,45,0.563106796,0.353135314,0.339933993,0.542056075,0.229591837,5.917195393,5.607071636,3.214285714,0.81115606,0.868947516,0.721216331,0.076102481,0.064577477,0.121619776,0.593622047,0.642758621,0.418231293,0.6,0.64,0.44,0.687451824,0.733231578,0.492336677,21.96025004,21.03318297,12.76461033,19.83082137,20.25068716,11.83246765,21.30363036,21.08411215,12.20918367
106.txt,238,111,105,64,133,47,0.576576577,0.441176471,0.466386555,0.60952381,0.353383459,7.195061331,6.245760467,4.075416857,0.860617188,0.893622371,0.787295038,0.058648558,0.052631205,0.100150575,0.686349206,0.673214286,0.508571429,0.67,0.69,0.5,0.781145945,0.76572536,0.594444859,37.28285256,39.41272673,16.625,33.51707737,28.99062147,16.46140688,45.61764706,38.86666667,18.84962406
107.txt,302,111,109,66,193,45,0.594594595,0.360927152,0.367549669,0.605504587,0.233160622,6.387332248,6.321653482,3.239170878,0.824724699,0.893059915,0.723330151,0.070675327,0.052487825,0.121051372,0.568932806,0.663,0.395694444,0.576666667,0.68,0.366666667,0.731106576,0.809072215,0.524578898,16.41581329,23.36062338,10.93839853,16.30966085,19.38578089,10.67663043,16.42384106,22.10091743,10.64766839
108.txt,328,130,102,67,226,63,0.515384615,0.31097561,0.396341463,0.656862745,0.278761062,7.178049195,6.633988538,4.190697663,0.840242192,0.909128073,0.764340554,0.063499928,0.045241422,0.100105603,0.662795699,0.726415094,0.511751412,0.66,0.76,0.5,0.741155999,0.807251965,0.586708508,31.65935085,55.49505766,17.75452508,29.48907323,40.87632979,15.78294036,34.3902439,54.30392157,16.73893805
109.txt,328,129,135,81,193,48,0.627906977,0.411585366,0.393292683,0.6,0.248704663,7.122833432,6.971370023,3.455115604,0.838909199,0.895861976,0.73559356,0.064029761,0.048883431,0.115685763,0.659784946,0.703953488,0.467916667,0.66,0.71,0.48,0.763225954,0.821954136,0.53892806,35.58328082,40.46370968,13.86756955,29.19760685,30.21130394,13.2536639,30.71646341,31.53333333,13.28497409
11.txt,249,89,93,50,156,39,0.561797753,0.373493976,0.357429719,0.537634409,0.25,5.64014583,5.184758474,3.122498999,0.813534153,0.863085965,0.725478438,0.077817335,0.069553072,0.125173719,0.6537,0.667727273,0.464859813,0.625,0.68,0.466666667,0.744886117,0.724563873,0.55624577,27.39052497,32.27367688,13.59090909,27.9870873,21.33030178,14.53530515,30.04417671,23.40860215,15.01923077
110.txt,286,121,117,72,169,49,0.595041322,0.409090909,0.423076923,0.615384615,0.289940828,7.154879991,6.656402355,3.769230769,0.847913276,0.898049122,0.758654413,0.061915334,0.049294834,0.108329381,0.685063291,0.732352941,0.477833333,0.712,0.78,0.48,0.738522645,0.794820821,0.529948831,30.18566855,47.25684713,13.203125,31.39960675,39.96802935,13.13029283,31.60839161,50.70940171,13.49112426
111.txt,221,95,95,59,126,36,0.621052632,0.429864253,0.429864253,0.621052632,0.285714286,6.390391543,6.053272277,3.207134903,0.843597562,0.895399138,0.740965686,0.066713425,0.052889525,0.123327912,0.662906977,0.684782609,0.446233766,0.66,0.68,0.45,0.741572027,0.786414321,0.506275829,31.51856977,43.76775628,14.31384555,28.13782465,30.54216634,12.63771539,29.31674208,48.4,12.92857143
112.txt,311,130,118,85,193,45,0.653846154,0.379421222,0.418006431,0.720338983,0.233160622,7.371623703,7.824884252,3.239170878,0.848033113,0.931239771,0.723330151,0.060963295,0.033187329,0.121051372,0.667328244,0.788115942,0.441527778,0.676666667,0.82,0.44,0.73172632,0.868181181,0.503032249,30.65671212,105.7762431,13.29120135,28.48082328,69.80952381,12.99177205,30.07717042,100.4322034,13.34196891
113.txt,286,120,111,66,175,54,0.55,0.388111888,0.41958042,0.594594595,0.308571429,7.095748752,6.264442772,4.082016308,0.846446017,0.889612034,0.772342565,0.062512663,0.053970921,0.101495129,0.689957806,0.73483871,0.507619048,0.696,0.71,0.52,0.772707275,0.771090725,0.59788997,37.45881718,41.6553822,16.17100887,34.39382022,45.71809688,16.2347561,33.82867133,45.31531532,16.27428571
114.txt,279,91,95,54,184,37,0.593406593,0.340501792,0.326164875,0.568421053,0.201086957,5.448027495,5.540283101,2.727676189,0.80104597,0.875953422,0.692418484,0.081351688,0.062721898,0.135808502,0.547391304,0.6,0.358962963,0.556,0.66,0.36,0.623092077,0.717806722,0.415066643,20.11413413,26.05775664,11.57512563,17.387519,19.83862434,11.19297721,19.03225806,34.70526316,11.32608696
115.txt,366,130,153,80,213,50,0.615384615,0.418032787,0.355191257,0.522875817,0.234741784,6.795208855,6.467616668,3.425943549,0.82463778,0.871102418,0.72967913,0.068407846,0.059000361,0.116098281,0.683028391,0.735576923,0.469512195,0.694285714,0.733333333,0.47,0.741804159,0.77496331,0.528127797,41.41562173,45.21008604,15.21428571,34.19886065,31.34511628,14.23069307,37.3715847,45.68627451,14.57746479
116.txt,270,120,115,74,155,46,0.616666667,0.425925926,0.444444444,0.643478261,0.296774194,7.302967433,6.900535581,3.694808913,0.855150215,0.907086756,0.759135173,0.05957553,0.045088242,0.109967284,0.726425339,0.782424242,0.490566038,0.704,0.78,0.493333333,0.769766774,0.825956776,0.547671234,51.12765957,63.97482162,17.25917978,47.08083763,66.13596491,16.49779774,49.75925926,69.60869565,18.12903226
117.txt,261,96,96,54,165,42,0.5625,0.367816092,0.367816092,0.5625,0.254545455,5.942250822,5.511351921,3.269695565,0.820259044,0.873943853,0.732023019,0.074376373,0.063591775,0.120847315,0.573584906,0.627659574,0.427758621,0.592,0.7,0.433333333,0.725584062,0.747566127,0.539877651,17.85091674,16.64888,12.44395492,17.51054898,13.69402597,12.39292872,18.6091954,16.79166667,12.47272727
118.txt,226,96,86,59,140,37,0.614583333,0.380530973,0.424778761,0.686046512,0.264285714,6.38582501,6.362133619,3.127070742,0.842047546,0.91540627,0.7307121,0.067096507,0.043729024,0.125476158,0.650621469,0.727567568,0.436483516,0.65,0.82,0.43,0.74201227,0.814618254,0.519520344,28.95222086,50.75319693,15.75,26.72893951,29.17962185,14.32002442,27.34955752,37.51162791,14.35
119.txt,192,84,86,48,106,36,0.571428571,0.447916667,0.4375,0.558139535,0.339622642,6.062177826,5.175973114,3.496629104,0.842761902,0.869083786,0.768428378,0.068864369,0.067674499,0.114339086,0.678181818,0.642162162,0.486666667,0.633333333,0.66,0.52,0.75483373,0.709175724,0.551223777,32.56986301,33.6844078,13.68206522,35.87311762,23.6461039,15.49484536,35.40625,25.01162791,15.25471698
12.txt,255,99,104,55,151,44,0.555555556,0.407843137,0.388235294,0.528846154,0.291390728,6.199620482,5.393193716,3.580669219,0.829254883,0.862832882,0.754231328,0.070950454,0.068004388,0.112790855,0.613398058,0.630545455,0.463333333,0.632,0.6,0.446666667,0.71593117,0.700357351,0.524482815,31.04190586,23.1075624,15.11966146,24.56118311,18.29776423,14.0543956,27.5372549,22.10576923,14.09271523
120.txt,342,125,134,76,208,49,0.608,0.391812865,0.365497076,0.567164179,0.235576923,6.75922588,6.565400034,3.397538702,0.827501346,0.884212942,0.729141458,0.068072959,0.054434111,0.116846912,0.619249147,0.616705882,0.443773585,0.636666667,0.67,0.435,0.719407594,0.760369583,0.520451396,26.3662188,25.90408154,13.47715356,26.98757811,20.47642643,14.04785096,27.97368421,30.04477612,13.875
13.txt,310,114,137,73,173,41,0.640350877,0.441935484,0.367741935,0.532846715,0.23699422,6.47476491,6.236810901,3.117172277,0.825614706,0.872047983,0.720621373,0.069995976,0.059882429,0.124831489,0.620153257,0.669545455,0.408870968,0.63,0.65,0.426666667,0.703743199,0.750016772,0.464108959,24.05021629,34.38582977,11.61376967,23.26410221,23.75149031,11.27508053,23.97096774,26.79562044,11.67630058
14.txt,360,140,140,91,220,49,0.65,0.388888889,0.388888889,0.65,0.222727273,7.378647874,7.690903718,3.303579326,0.839543847,0.912825964,0.721558963,0.062768844,0.040619215,0.118868827,0.624758842,0.721978022,0.427251462,0.674285714,0.74,0.44,0.745948872,0.854098174,0.520274991,24.73002815,67.33100346,12.66689447,22.83803697,25.54617117,12.82923288,28.61111111,42.84285714,13.09545455
15.txt,205,90,77,57,128,33,0.633333333,0.375609756,0.43902439,0.74025974,0.2578125,6.285872662,6.495752858,2.916815472,0.845350598,0.930762517,0.720627731,0.066897002,0.036701735,0.132579227,0.594358974,0.734285714,0.366835443,0.63,0.72,0.38,0.682821809,0.835073995,0.443965985,23.69277281,66.61330935,12.8,21.71146075,37.10610611,12.09041249,26.38536585,60.96103896,12.1484375
16.txt,286,110,124,66,162,44,0.6,0.433566434,0.384615385,0.532258065,0.271604938,6.504436356,5.926974967,3.456966486,0.831062088,0.869172202,0.743806974,0.068775545,0.062494718,0.115949892,0.634767932,0.5656,0.431681416,0.64,0.58,0.44,0.712082834,0.714457452,0.506057734,31.32874658,25.67724665,14.54784689,31.71943372,21.38005409,14.79506849,33.54545455,32.70967742,14.78395062
17.txt,215,85,81,49,134,36,0.576470588,0.376744186,0.395348837,0.604938272,0.268656716,5.796951885,5.444444444,3.109926332,0.827211075,0.885621875,0.73165295,0.074080808,0.059931372,0.126156008,0.644096386,0.63875,0.472,0.64,0.64,0.44,0.721215256,0.753230339,0.505314582,29.51074787,34.81179775,15.35763027,28.23507373,20.17375887,15.09658065,28.02325581,28.7654321,14.80597015
18.txt,327,112,121,67,206,45,0.598214286,0.370030581,0.342507645,0.553719008,0.218446602,6.193614152,6.090909091,3.135298564,0.814944962,0.876746509,0.714480286,0.073593766,0.059177241,0.123395029,0.597482014,0.657777778,0.415796178,0.596666667,0.66,0.425,0.721543492,0.762704841,0.526042815,20.07097382,26.10462963,11.81531056,19.99178666,22.06839479,11.63559412,19.94801223,27.52892562,11.61165049
19.txt,271,137,108,83,163,54,0.605839416,0.398523985,0.505535055,0.768518519,0.331288344,8.322157327,7.986678724,4.22960643,0.878235732,0.943766929,0.783113402,0.050047597,0.027654379,0.098041684,0.735315315,0.841355932,0.536140351,0.744,0.86,0.54,0.805563591,0.894470288,0.605955489,55.11164356,130.6368,19.74846453,44.79156706,10,17.07615776,56.18450185,114.950495,18.6809816
2.txt,295,119,104,72,191,47,0.605042017,0.352542373,0.403389831,0.692307692,0.246073298,6.928447866,7.060180865,3.400800645,0.840362969,0.920823895,0.733044015,0.064635035,0.039253741,0.117032915,0.641544715,0.745454545,0.453239437,0.624,0.78,0.433333333,0.734124232,0.849118695,0.533281013,27.65891053,72.76178204,13.28650601,26.41666321,40.66850265,12.88967774,27.02033898,69.18269231,12.95287958
20.txt,240,95,93,56,147,39,0.589473684,0.3875,0.395833333,0.602150538,0.265306122,6.132223631,5.80692949,3.216665785,0.830902556,0.888088987,0.734117049,0.071043041,0.056851401,0.122678367,0.635287958,0.69,0.445306122,0.65,0.78,0.4,0.707434351,0.760310162,0.498697546,29.00530504,47.62119289,13.56128899,24.48349938,27.56136364,11.87675711,26.74166667,43.58064516,12
21.txt,257,109,104,63,153,46,0.577981651,0.404669261,0.424124514,0.605769231,0.300653595,6.799233191,6.177658257,3.718879584,0.845428646,0.892072786,0.761095049,0.064139271,0.053507898,0.109354093,0.680192308,0.728363636,0.496538462,0.708,0.79,0.513333333,0.800295903,0.793405669,0.608433467,27.11117443,49.83168317,14.72567568,29.50638298,30.0951417,14.69345238,36.96108949,44.94230769,15.06535948
22.txt,290,128,125,76,165,52,0.59375,0.431034483,0.44137931,0.608,0.315151515,7.51641881,6.797646652,4.04819451,0.855755232,0.896945306,0.77385153,0.058578982,0.049145979,0.101984265,0.676929461,0.703684211,0.485862069,0.68,0.7,0.493333333,0.782989506,0.775940529,0.595952775,28.99157278,36.11398072,15.19025735,32.99441357,28.2976489,15.35918919,32.38965517,29.272,15.82424242
23.txt,352,122,132,76,220,46,0.62295082,0.375,0.346590909,0.575757576,0.209090909,6.502621849,6.614950926,3.101319367,0.819291136,0.886936109,0.709845343,0.070962433,0.05331759,0.12386947,0.668646865,0.72,0.423157895,0.674285714,0.72,0.44,0.733715031,0.795617552,0.523464362,40.48504998,41.31063204,16.48237179,39.07084361,41.27835052,16.24088036,40.70170455,42.6969697,17.15
24.txt,314,128,116,78,198,50,0.609375,0.369426752,0.407643312,0.672413793,0.252525253,7.223457894,7.242118189,3.553345273,0.843920441,0.916509133,0.739755194,0.062508593,0.040442027,0.113314212,0.651471698,0.813134328,0.420805369,0.663333333,0.79,0.446666667,0.734220678,0.848127206,0.524236964,23.60767561,63.54364008,12.06275232,26.05145719,82.74915825,12.48788638,26.72292994,80.81896552,13.31818182
25.txt,279,107,104,62,175,45,0.579439252,0.372759857,0.383512545,0.596153846,0.257142857,6.405922439,6.079600189,3.401680257,0.829808754,0.888627696,0.737041672,0.069590674,0.055215896,0.117233111,0.632956522,0.707636364,0.418730159,0.624,0.72,0.426666667,0.716868304,0.779969622,0.510176391,29.80493446,48.77588848,13.02800136,27.05825352,31.41042781,12.48015399,28.34767025,42.93269231,12.97142857
26.txt,394,153,139,94,255,59,0.614379085,0.352791878,0.388324873,0.676258993,0.231372549,7.708028644,7.972975939,3.694723317,0.841723988,0.920725257,0.735849759,0.060981022,0.036992158,0.109763487,0.668521739,0.745111111,0.458932039,0.662857143,0.77,0.472,0.726337782,0.828364072,0.529339567,36.23146853,86.51123063,14.63090204,34.56622761,44.01798175,14.86747797,33.73604061,65.75539568,14.73333333
27.txt,144,65,65,36,79,29,0.553846154,0.451388889,0.451388889,0.553846154,0.367088608,5.416666667,4.465250445,3.262754913,0.839948509,0.858453878,0.770645616,0.074154129,0.078076606,0.120863781,0.610736842,0.595,0.39,0.64,0.64,0.38,0.668027394,0.642522837,0.474055395,29.11532847,20.35799941,12.46631206,26.32862436,23.13486312,11.206466,27.89583333,22.04615385,12.11392405
28.txt,361,153,142,92,219,61,0.60130719,0.393351801,0.423822715,0.647887324,0.278538813,8.052631579,7.720468496,4.121998008,0.854226893,0.912418558,0.762816691,0.056998122,0.040692244,0.101341155,0.758269231,0.781935484,0.568588235,0.737142857,0.78,0.575,0.806419546,0.823776746,0.636808046,59.7027018,66.31985876,20.90454545,56.71556441,66.44306184,22.80686528,56.4265928,74.48591549,23.01369863
29.txt,325,128,124,80,201,48,0.625,0.381538462,0.393846154,0.64516129,0.23880597,7.100162512,7.184212081,3.385658956,0.838896424,0.909081052,0.729960106,0.064136567,0.043430786,0.117245726,0.665217391,0.7488,0.487631579,0.663333333,0.77,0.49,0.785275677,0.83797584,0.588391645,30.5581761,65.05145414,13.17960526,27.09274223,36.54253968,14.06324188,28.56615385,57.06451613,14.31343284
3.txt,280,103,108,59,172,44,0.572815534,0.385714286,0.367857143,0.546296296,0.255813953,6.155427338,5.677277647,3.354968547,0.822520327,0.870872098,0.735151762,0.072524811,0.063502702,0.118472318,0.581212121,0.578983051,0.403902439,0.584,0.62,0.426666667,0.689568455,0.692746023,0.504224948,20.54257619,23.53199716,10.31453479,17.41675084,17.1212422,11.12883436,17.51071429,22.61111111,11.06395349
30.txt,225,85,102,58,123,27,0.682352941,0.453333333,0.377777778,0.568627451,0.219512195,5.666666667,5.742855749,2.434508014,0.820267522,0.877938785,0.68489414,0.07641094,0.060769295,0.150775199,0.528636364,0.580377358,0.311081081,0.555,0.63,0.34,0.658384489,0.746177943,0.374627889,15.71523556,16.41668282,10.07327586,15.81397031,14.70505618,10.50885025,17.28444444,23.75490196,10.70731707
31.txt,247,102,82,54,165,48,0.529411765,0.331983806,0.412955466,0.658536585,0.290909091,6.490104582,5.963302408,3.736794932,0.839471195,0.905204943,0.758175157,0.067091156,0.049532015,0.109053706,0.665959596,0.726060606,0.478965517,0.655,0.72,0.493333333,0.716927701,0.781484221,0.537400378,31.21028214,52.20478693,14.93316832,31.61775701,38.39277389,15.85966566,30.77732794,48.24390244,15.69090909
32.txt,258,106,95,55,163,51,0.518867925,0.368217054,0.410852713,0.578947368,0.312883436,6.599271747,5.642880936,3.994628295,0.83981146,0.879982766,0.771892118,0.066423632,0.060684533,0.103114167,0.661052632,0.683913043,0.505087719,0.62,0.64,0.533333333,0.756005382,0.756104243,0.588994994,30.04159397,24.07683486,15.75666667,29.73860681,23.8374254,15.38893865,31.0503876,25.67368421,15.54601227
33.txt,340,132,126,71,214,61,0.537878788,0.370588235,0.388235294,0.563492063,0.285046729,7.158705108,6.325182725,4.169874155,0.837681846,0.881396072,0.766099933,0.064119892,0.056468097,0.100368471,0.706185567,0.68,0.547030303,0.706666667,0.66,0.56,0.785562398,0.80514692,0.610216649,39.12597229,31.18734491,19.76284153,42.43379973,29.99859694,19.96348075,45.19117647,37.16666667,20.85981308
34.txt,293,129,111,70,182,59,0.542635659,0.37883959,0.440273038,0.630630631,0.324175824,7.536260468,6.64410597,4.373370968,0.855574775,0.902105955,0.783538087,0.058545997,0.047862389,0.095776582,0.744016393,0.748064516,0.590827068,0.744,0.79,0.573333333,0.817156637,0.831464742,0.648313111,46.78495526,47.28994083,22.75,48.5929971,39.56511198,22.92100103,49.58020478,58.30630631,23.74175824
35.txt,124,73,59,42,65,31,0.575342466,0.475806452,0.588709677,0.711864407,0.476923077,6.555593524,5.467934261,3.845076772,0.890084818,0.916648754,0.822632636,0.052505036,0.047068442,0.097835544,0.672,0.69,0.4875,0.7,0.7,0.52,0.766959279,0.765292021,0.567122076,46.45446047,59,13.71487463,26.84642857,25.81989247,12.41016548,45.25,40.66101695,14.29230769
36.txt,283,118,115,73,168,45,0.618644068,0.406360424,0.416961131,0.634782609,0.267857143,7.01437192,6.8072851,3.471825374,0.845049951,0.904219349,0.742913593,0.063198836,0.046479716,0.115528394,0.69008547,0.757272727,0.456134454,0.712,0.79,0.473333333,0.745493142,0.83433912,0.522990874,37.39895354,66.05100492,13.58530206,31.86261574,44.01923077,13.29158916,36.35335689,64.13043478,14.13095238
37.txt,370,158,143,93,227,65,0.588607595,0.386486486,0.427027027,0.65034965,0.286343612,8.21402887,7.777050693,4.314201525,0.856107628,0.913306749,0.769479397,0.056028454,0.040222615,0.097842985,0.699501558,0.755957447,0.506179775,0.688571429,0.7,0.5,0.774400893,0.825951144,0.590956065,44.01209677,52.56957697,17.4163086,42.22492578,38.73175592,17.6649945,42.55945946,53.23776224,18.29515419
38.txt,314,124,126,69,188,55,0.556451613,0.401273885,0.394904459,0.547619048,0.292553191,6.997724835,6.147008564,4.011287266,0.838398345,0.875487944,0.765277876,0.064720147,0.059280995,0.103212767,0.672377358,0.644155844,0.509352518,0.686666667,0.67,0.5,0.73972095,0.754487339,0.552940187,38.15164472,27.83998427,17.38014136,34.86066363,24.48423906,15.88017681,34.57961783,30.45238095,15.7606383
39.txt,202,101,78,58,124,43,0.574257426,0.386138614,0.5,0.743589744,0.346774194,7.106335202,6.567206798,3.861513994,0.869421209,0.931997793,0.780286393,0.056641601,0.035940173,0.1049543,0.710849673,0.813103448,0.490133333,0.71,0.82,0.5,0.77564323,0.829864838,0.579238641,42.38242624,85.176,16.96240602,36.48611111,11,14.67394965,37.44059406,79.05263158,14.66935484
4.txt,263,82,89,44,174,38,0.536585366,0.338403042,0.311787072,0.494382022,0.218390805,5.056336611,4.663990672,2.880772566,0.790846632,0.843059968,0.705087647,0.086428592,0.080507252,0.131625026,0.467383178,0.501,0.34848,0.504,0.5,0.353333333,0.664601529,0.670864105,0.472351506,13.53146556,11.65179625,9.838317168,13.34383725,11.4609246,10.57878788,13.52471483,13.30337079,10.62068966
40.txt,400,145,162,89,238,56,0.613793103,0.405,0.3625,0.549382716,0.235294118,7.25,6.992500392,3.629940852,0.830637268,0.882270541,0.73559075,0.065087943,0.053282942,0.111256338,0.708433048,0.770619469,0.476719577,0.7275,0.793333333,0.495,0.75891309,0.821714065,0.540812279,51.0599152,67.01750652,16.36072738,41.4686862,53.68788683,16.35139887,42.4025,59,16.93277311
41.txt,288,116,114,71,174,45,0.612068966,0.395833333,0.402777778,0.622807018,0.25862069,6.835365551,6.649759262,3.411441196,0.839417864,0.900021383,0.737860377,0.065293416,0.04860634,0.116997929,0.666527197,0.671692308,0.51328,0.684,0.71,0.513333333,0.740672487,0.786762684,0.53605531,33.00744417,39.17130042,16.31509037,32.82658739,27.47406417,15.71212121,33.01388889,39.95614035,15.55747126
42.txt,423,155,164,100,259,55,0.64516129,0.387706856,0.36643026,0.609756098,0.212355212,7.536357894,7.808688094,3.417533713,0.833986229,0.902998196,0.721154792,0.063211065,0.043796227,0.115545202,0.663582888,0.71426087,0.468666667,0.6575,0.706666667,0.484,0.737446595,0.822645594,0.515559629,31.48347987,51.39321357,15.22616025,31.56482363,35.19183606,15.12611622,32.57919622,46.38414634,15.05019305
43.txt,290,113,114,63,176,50,0.557522124,0.393103448,0.389655172,0.552631579,0.284090909,6.635588481,5.900490613,3.768891807,0.833771976,0.874780643,0.756606733,0.067506563,0.060877564,0.108390957,0.695850622,0.697846154,0.531023622,0.696,0.71,0.506666667,0.768656675,0.776650024,0.586595388,37.04212442,31.2287234,17.23761411,35.41824298,32.50570682,15.69941038,34.47586207,34.5877193,15.59090909
44.txt,344,141,132,78,212,63,0.553191489,0.38372093,0.409883721,0.590909091,0.297169811,7.602210511,6.789028582,4.326857764,0.847297297,0.892255901,0.773465508,0.060200743,0.050808933,0.09737824,0.720338983,0.696144578,0.567852761,0.736666667,0.71,0.605,0.784768779,0.792003148,0.625670767,42.38922823,41.23515049,19.66911452,37.49265593,31.6681612,19.22868348,43.04069767,36.03030303,19.94811321
45.txt,258,105,107,64,151,41,0.60952381,0.414728682,0.406976744,0.598130841,0.271523179,6.537014467,6.18711353,3.336532681,0.838104488,0.890014,0.740156457,0.067131443,0.054196747,0.119250249,0.675311005,0.716551724,0.442745098,0.68,0.77,0.42,0.721018636,0.779093177,0.488479282,33.03138767,51.73232055,12.08867703,32.32102758,41.53405071,12.44533513,32.72093023,49.09345794,12.47019868
46.txt,347,124,132,69,215,55,0.556451613,0.380403458,0.357348703,0.522727273,0.255813953,6.656668776,6.00567913,3.750968867,0.824074871,0.867146891,0.746155888,0.069252879,0.0626496,0.108832073,0.662751678,0.643855422,0.490722892,0.676666667,0.66,0.495,0.734268709,0.756734911,0.543998197,36.28977957,31.36154888,15.72081419,32.16695183,24.2389201,14.64472272,33.47550432,33.59848485,14.8372093
47.txt,284,108,104,63,180,45,0.583333333,0.366197183,0.38028169,0.605769231,0.25,6.408620954,6.177658257,3.354101966,0.82884627,0.892072786,0.733043351,0.069764175,0.053507898,0.118370019,0.61906383,0.720727273,0.445801527,0.616,0.69,0.44,0.706425779,0.790655041,0.506214514,23.00625031,32.14728682,12.63110307,20.34492171,27.80644499,11.88011696,20.50352113,28.80769231,11.83888889
48.txt,218,106,85,60,133,46,0.566037736,0.389908257,0.486238532,0.705882353,0.345864662,7.179225892,6.507913735,3.98870586,0.866086613,0.921599362,0.782897355,0.057265716,0.040634326,0.102221191,0.710414201,0.796666667,0.521428571,0.695,0.8,0.52,0.770909541,0.831799342,0.572741319,38.74194757,66.90789474,14.77777778,36.76334776,51.71428571,13.73770325,38.48165138,69.31764706,14.01503759
49.txt,336,140,151,86,185,54,0.614285714,0.449404762,0.416666667,0.569536424,0.291891892,7.637626158,6.998580745,3.970158959,0.849501116,0.887801247,0.764121102,0.059571921,0.051491482,0.104041037,0.686062718,0.714901961,0.506323529,0.676666667,0.713333333,0.486666667,0.809476379,0.804116218,0.611569058,39.47858053,27.68333333,15.10294249,30.84266846,31.89288321,14.5461327,34.77083333,37.01986755,15.72432432
5.txt,394,129,148,75,246,54,0.581395349,0.375634518,0.327411168,0.506756757,0.219512195,6.498926112,6.164962024,3.442914251,0.813173871,0.86397933,0.724567453,0.07198089,0.062674777,0.115198671,0.628985507,0.620606061,0.467614213,0.622857143,0.64,0.475,0.738792272,0.727558613,0.567024073,28.4360119,23.57554936,14.14787217,24.34090742,22.6758605,13.97382028,25.37817259,28.86486486,14.16666667
50.txt,242,111,97,65,145,46,0.585585586,0.400826446,0.458677686,0.670103093,0.317241379,7.135350247,6.599750073,3.820092073,0.858003941,0.912492022,0.769308063,0.059566719,0.044045311,0.106734224,0.686735751,0.822916667,0.4775,0.69,0.78,0.46,0.757989824,0.804135409,0.553277959,31.10758703,49.87264151,13.05742711,31.45649646,63.50441176,13.832033,32.33057851,57.88659794,13.75172414
51.txt,203,90,90,56,113,34,0.622222222,0.443349754,0.443349754,0.622222222,0.300884956,6.316761657,5.902918299,3.198450953,0.846910451,0.894560434,0.745942719,0.066344447,0.053954187,0.123744556,0.642337662,0.655121951,0.4275,0.64,0.7,0.43,0.73907719,0.751659232,0.515621883,29,33.27330168,12.54135244,26.47820856,20.4297235,12.08691875,29.42857143,29.84444444,12.84955752
52.txt,371,143,135,78,236,65,0.545454545,0.363881402,0.385444744,0.577777778,0.275423729,7.424190083,6.713171133,4.231139607,0.838856513,0.88816815,0.764003618,0.062717025,0.05249499,0.099454333,0.696708075,0.748372093,0.528983957,0.717142857,0.82,0.56,0.756308423,0.806456687,0.575188395,38.9323931,59.22478796,16.53884333,39.69395457,36.98860465,15.1714476,42.15363881,48.20740741,15.50847458
53.txt,386,122,140,69,246,53,0.56557377,0.362694301,0.316062176,0.492857143,0.215447154,6.209636502,5.831564358,3.379156579,0.806607156,0.856821709,0.721172174,0.074767569,0.066714701,0.116618734,0.542670623,0.577362637,0.384670051,0.557142857,0.61,0.395,0.690228312,0.733068111,0.504520195,15.97309068,16.84897036,11.16372462,16.04619565,15.84737985,11.23686798,16.80310881,19.99285714,11.3495935
54.txt,283,106,128,59,155,47,0.556603774,0.45229682,0.374558304,0.4609375,0.303225806,6.301045962,5.214912511,3.775130846,0.826053132,0.840377578,0.763399379,0.07094699,0.075750601,0.108020452,0.660854701,0.593670886,0.478867925,0.676,0.6,0.48,0.726623525,0.670754105,0.553460728,31.44444444,24.05689987,14.79545455,32.38295441,22.40433749,14.95203118,32.40989399,22.25,15.24516129
55.txt,273,74,116,45,157,29,0.608108108,0.424908425,0.271062271,0.387931034,0.184713376,4.478683742,4.178145109,2.314451965,0.767285272,0.800797363,0.665967589,0.095525119,0.096491495,0.152116428,0.500178571,0.495223881,0.323148148,0.488,0.48,0.32,0.617838463,0.563438737,0.412513434,16.09671755,14.41666931,10.69368058,15.65077755,13.64385848,10.50945946,17.1978022,14.30172414,10.8343949
56.txt,313,141,133,94,180,47,0.666666667,0.424920128,0.450479233,0.706766917,0.261111111,7.969791207,8.150833714,3.503173165,0.861222572,0.929032808,0.741417214,0.055610083,0.033414383,0.114657003,0.686136364,0.791428571,0.474351145,0.686666667,0.79,0.493333333,0.765091274,0.866518674,0.530524172,37.91144541,87.62814826,14.00172861,32.27699608,51.12662338,13.70187658,35.06389776,94.80451128,14.16666667
57.txt,332,134,105,76,227,58,0.567164179,0.31626506,0.403614458,0.723809524,0.255506608,7.354205419,7.416840554,3.849595207,0.84370817,0.930547967,0.748475654,0.06199257,0.034361964,0.106757889,0.677526502,0.766785714,0.537078652,0.68,0.76,0.535,0.757041585,0.855033936,0.593464486,27.79129129,83.09482759,18.43112594,31.72597196,37.19375,18.06101437,31.46987952,82.05714286,17.7753304
58.txt,314,117,108,62,206,55,0.52991453,0.343949045,0.372611465,0.574074074,0.266990291,6.602691981,5.965952782,3.832031579,0.828291603,0.881464911,0.75214458,0.068767815,0.058293353,0.107117391,0.647471698,0.713220339,0.498598726,0.663333333,0.69,0.485,0.748624495,0.765694153,0.579243188,31.5700361,33.78869779,14.77102461,27.58667472,27.97106742,14.42212013,28.97452229,30.48148148,14.60194175
59.txt,222,94,92,52,130,42,0.553191489,0.414414414,0.423423423,0.565217391,0.323076923,6.308866919,5.421374765,3.683643681,0.840933941,0.87382319,0.767877384,0.067792894,0.064251753,0.109805505,0.660578035,0.601860465,0.479753086,0.645,0.62,0.49,0.718777444,0.71166264,0.519942206,29.31225262,20.98387097,13.66813294,28.15566233,19.05307487,14.85311153,27.8963964,22.92391304,14.5
6.txt,303,118,140,72,163,46,0.610169492,0.462046205,0.389438944,0.514285714,0.282208589,6.778922878,6.085110634,3.60299807,0.834950598,0.865434152,0.751635091,0.066513487,0.062701687,0.112271178,0.718818898,0.680659341,0.522807018,0.716666667,0.71,0.526666667,0.744661938,0.73759825,0.54089106,47.02709768,41.20004217,17.41339259,42.12460456,31.86447368,15.97021693,43.53465347,47.11428571,16.2392638
60.txt,273,98,95,55,178,43,0.56122449,0.347985348,0.358974359,0.578947368,0.241573034,5.93122982,5.642880936,3.222986263,0.817361714,0.879982766,0.725850487,0.07496966,0.060684533,0.121821488,0.626607143,0.643478261,0.461395349,0.64,0.68,0.48,0.710641912,0.727519844,0.530337328,27.56940789,30.40671076,16.46461405,28.16921826,20.71267606,16.63742786,30.33699634,27.61052632,16.97752809
61.txt,405,146,158,83,247,63,0.568493151,0.390123457,0.360493827,0.525316456,0.255060729,7.254798327,6.603125459,4.008594007,0.830063352,0.872841019,0.752013558,0.065173377,0.05783484,0.103643063,0.659213483,0.641651376,0.507979798,0.66,0.666666667,0.52,0.774339441,0.782304463,0.595868669,34.4006505,24.77821522,16.49375,30.19423077,20.86881104,16.3960892,31.55308642,23.05696203,16.95546559
62.txt,250,105,105,66,145,39,0.628571429,0.42,0.42,0.628571429,0.268965517,6.640783086,6.440940481,3.238773714,0.842885682,0.900234301,0.736137763,0.065520537,0.049359899,0.122081125,0.648457711,0.731071429,0.440625,0.648,0.71,0.43,0.729893994,0.794845754,0.492550554,25.89494234,35.18825818,11.85941545,27.6968361,27.0393617,12.99621212,27.48,43.40952381,12.85517241
63.txt,333,133,141,82,192,51,0.616541353,0.423423423,0.399399399,0.581560284,0.265625,7.288355104,6.905645753,3.680607966,0.841981604,0.890469399,0.747851468,0.062644951,0.050962975,0.110431567,0.66,0.69673913,0.467412587,0.663333333,0.75,0.5,0.756198957,0.766301828,0.551052875,40.2375,40.21392033,14.83059876,30.12375391,28.73641304,14.52029509,33.00900901,37.68085106,14.421875
64.txt,274,118,108,72,166,46,0.610169492,0.394160584,0.430656934,0.666666667,0.277108434,7.128640701,6.92820323,3.570292418,0.849915508,0.913401592,0.748953549,0.061566796,0.042587487,0.113078481,0.6808,0.74,0.490598291,0.68,0.8,0.466666667,0.737273984,0.79229323,0.533005682,38.19278779,58.37112384,14.59462948,34.45214186,32.12323492,14.17834395,35.41605839,56.60185185,13.95180723
65.txt,256,108,96,58,160,50,0.537037037,0.375,0.421875,0.604166667,0.3125,6.75,5.919600212,3.952847075,0.844360938,0.88959975,0.770815572,0.064627722,0.055693816,0.103980015,0.679130435,0.723404255,0.488468468,0.692,0.8,0.486666667,0.740381622,0.753391699,0.560466795,39.90328152,30.44636827,18.0866426,36.26865112,30.44107143,17.01214128,35.859375,32.66666667,17.4875
66.txt,355,150,125,92,230,58,0.613333333,0.352112676,0.422535211,0.736,0.252173913,7.961173387,8.228730157,3.824406746,0.853292709,0.93651507,0.74666859,0.05752712,0.030275467,0.107265285,0.672222222,0.849210526,0.460662983,0.671428571,0.83,0.46,0.746636346,0.88671998,0.550950841,29.73949382,132.5757576,13.84573125,29.19482607,10,14.48740992,29.3971831,127.0406504,14.2826087
67.txt,250,102,100,65,150,37,0.637254902,0.4,0.408,0.65,0.246666667,6.451046427,6.5,3.021037349,0.837635706,0.906456678,0.720650716,0.067709907,0.046771661,0.128372044,0.639402985,0.759607843,0.411089109,0.644,0.73,0.44,0.716016858,0.764660711,0.497189799,26.06375978,43.58661555,12.09096859,22.06559987,36.125,11.91170261,23.236,36.41,12.72666667
68.txt,303,102,111,63,192,39,0.617647059,0.366336634,0.336633663,0.567567568,0.203125,5.859746894,5.979695373,2.814582562,0.809448564,0.879734188,0.696826414,0.076790587,0.058800401,0.13277862,0.65007874,0.695483871,0.428251748,0.64,0.69,0.44,0.70150959,0.74084997,0.49261501,33.1355915,37,14.02301963,28.14247365,34.02562379,14.06779661,28.17821782,34.25225225,14.21354167
69.txt,259,100,104,60,155,40,0.6,0.401544402,0.386100386,0.576923077,0.258064516,6.21369766,5.883484054,3.212877316,0.828740809,0.881567605,0.731423461,0.07096474,0.058716132,0.122619117,0.584666667,0.605454545,0.401509434,0.62,0.66,0.406666667,0.696852511,0.736907223,0.473360482,22.56439394,25.73103448,12.23287314,22.2305654,17.72285714,12.30590458,23.4015444,27.68269231,12.21935484
7.txt,324,122,138,76,186,46,0.62295082,0.425925926,0.37654321,0.550724638,0.247311828,6.777777778,6.469549634,3.372883645,0.831038608,0.878934517,0.732649636,0.067300682,0.056575852,0.117800766,0.674036364,0.656629213,0.479270073,0.68,0.68,0.506666667,0.765589084,0.751435092,0.56784488,31.67893175,35.40674887,17.31523301,33.4123511,22.84520934,16.65653595,36.30864198,32.3115942,16.90860215
70.txt,312,133,125,85,187,48,0.639097744,0.400641026,0.426282051,0.68,0.256684492,7.529642277,7.602631123,3.510107636,0.851531676,0.920124809,0.740034531,0.059526512,0.038091854,0.114429399,0.660684411,0.748421053,0.460724638,0.66,0.74,0.44,0.772286085,0.865387258,0.548181257,30.89813245,63.57977642,13.60009175,30.70320726,31.7024827,14.74983898,35.96153846,59.344,15.58823529
71.txt,289,114,118,65,171,49,0.570175439,0.408304498,0.394463668,0.550847458,0.286549708,6.705882353,5.983735016,3.747123653,0.835835123,0.875008012,0.756918506,0.066709342,0.060327754,0.108858897,0.64125,0.68,0.476229508,0.644,0.68,0.48,0.738048961,0.762211228,0.540831034,27.75014583,24.19991625,14.05862965,27.48213077,23.35241292,14.03459119,27.64359862,23.25423729,13.88888889
72.txt,386,151,132,83,254,68,0.549668874,0.341968912,0.39119171,0.628787879,0.267716535,7.685697638,7.224222722,4.266699475,0.842413841,0.904980517,0.762010654,0.060924353,0.04480838,0.098962911,0.687121662,0.75060241,0.506634146,0.682857143,0.75,0.524,0.753194989,0.829510573,0.580542634,37.31333333,44.24554693,18.6518286,36.81968439,50.60632184,18.05998829,38.97927461,57.53030303,18.25590551
73.txt,326,115,132,69,194,46,0.6,0.404907975,0.352760736,0.522727273,0.237113402,6.36926092,6.00567913,3.30260753,0.819944059,0.867146891,0.726792803,0.071643594,0.0626496,0.119419088,0.685415162,0.661686747,0.472551724,0.696666667,0.69,0.48,0.727601114,0.743715404,0.521459338,42.03456147,37.2240906,16.29221459,37.10777385,29.56050532,16.39143126,39.66257669,41.08333333,16.82989691
74.txt,353,127,140,76,213,51,0.598425197,0.396600567,0.359773371,0.542857143,0.23943662,6.759527952,6.423172336,3.49446242,0.825741663,0.876375296,0.73337276,0.06839629,0.057603601,0.114511929,0.658684211,0.67010989,0.507195122,0.668571429,0.65,0.52,0.767228717,0.771944313,0.576840222,31.62933135,23.33333333,15.4622545,28.25775113,22.4773304,15.15034735,31.13597734,23.35714286,15.51173709
75.txt,350,133,119,69,231,64,0.518796992,0.34,0.38,0.579831933,0.277056277,7.109149035,6.325219629,4.210890848,0.834825014,0.885958798,0.764160949,0.064925538,0.054945132,0.099779089,0.666245847,0.687142857,0.518351648,0.657142857,0.69,0.505,0.756751852,0.796276804,0.591223806,31.04810144,24.82450331,15.4,25.05688918,30.30068729,14.12227669,25.84571429,38.46218487,14.43290043
76.txt,371,127,125,69,246,58,0.543307087,0.336927224,0.342318059,0.552,0.235772358,6.593511472,6.171547618,3.697944936,0.818800142,0.876932763,0.737547409,0.070522962,0.058689804,0.109769851,0.620993789,0.65,0.461725888,0.628571429,0.69,0.45,0.718879727,0.758019622,0.542635726,25.89520942,30.18936067,13.03925728,24.63781056,24.24717391,13.00657323,26.37466307,32.968,13.09756098
77.txt,253,107,97,60,156,47,0.560747664,0.383399209,0.422924901,0.618556701,0.301282051,6.727032364,6.092076991,3.763011614,0.844478569,0.894995243,0.762427205,0.064716451,0.052851948,0.108326173,0.65872549,0.678333333,0.470280374,0.66,0.72,0.5,0.74994842,0.787094653,0.556927829,35.19769874,30.55597116,15.02647059,29.48067109,26.704329,13.96307545,32.53754941,41.29896907,15.71153846
78.txt,307,111,101,62,206,49,0.558558559,0.328990228,0.361563518,0.613861386,0.237864078,6.335104615,6.169230579,3.41399177,0.822359945,0.894263621,0.73046373,0.071423471,0.052754204,0.116487354,0.626821705,0.648846154,0.450573248,0.636666667,0.72,0.445,0.7069502,0.780271709,0.523976021,33.08868301,41.51707168,15.39028061,30.3474766,26.39516686,15.10685146,32.31921824,34.32673267,14.83980583
79.txt,365,133,140,70,225,63,0.526315789,0.383561644,0.364383562,0.5,0.28,6.96153817,5.916079783,4.2,0.828887154,0.859733441,0.764966381,0.066781143,0.065357964,0.099921506,0.687848101,0.60989011,0.536931818,0.7,0.65,0.535,0.757061911,0.725108757,0.604776559,35.10046012,25.87878788,18.14179796,32.61092235,22.2768595,19.25967385,34.10958904,26.54285714,19.45333333
8.txt,255,91,75,44,180,47,0.483516484,0.294117647,0.356862745,0.586666667,0.261111111,5.698641049,5.080682369,3.503173165,0.814048902,0.876479456,0.741417214,0.07726906,0.065875471,0.114657003,0.560970874,0.580769231,0.419389313,0.592,0.54,0.46,0.66231149,0.684244708,0.52068795,19.07010891,17.53562176,12.6082307,17.75246873,15.18019943,12.22869802,19.58039216,21.24,12.92222222
80.txt,250,102,94,53,156,49,0.519607843,0.376,0.408,0.563829787,0.314102564,6.451046427,5.466532605,3.923139768,0.837635706,0.873879443,0.770679459,0.067709907,0.0639191,0.104563389,0.648159204,0.611111111,0.487476636,0.668,0.66,0.52,0.75938299,0.748769298,0.583431503,29.25737985,25.5864486,15.40186784,26.51227314,18.94180162,13.60493457,29.964,24.96808511,14.94230769
81.txt,222,104,81,60,141,44,0.576923077,0.364864865,0.468468468,0.740740741,0.312056738,6.980022974,6.666666667,3.705468453,0.859646166,0.931708257,0.764674326,0.059817869,0.035783222,0.10949357,0.710751445,0.78625,0.51826087,0.72,0.84,0.48,0.761705033,0.846866698,0.560115971,43.10175439,67.21218629,17.625,43.35736677,18.91111111,18.23450413,42.16216216,60.12658228,18.16312057
82.txt,288,113,113,57,175,56,0.504424779,0.392361111,0.392361111,0.504424779,0.32,6.658588856,5.36210895,4.233202098,0.83479089,0.855240023,0.779384027,0.067174764,0.070508741,0.098355876,0.668953975,0.550625,0.548253968,0.656,0.56,0.54,0.775807065,0.67234598,0.641511476,33.11393186,19.56160072,17.8179677,30.56122774,15.642002,19.18197179,31.51736111,18.89380531,19.21142857
83.txt,472,127,147,72,325,55,0.566929134,0.311440678,0.269067797,0.489795918,0.169230769,5.845648824,5.938459912,3.050851079,0.786779864,0.856973027,0.692851713,0.079740001,0.065992631,0.122278085,0.593947991,0.673877551,0.440289855,0.58,0.66,0.44,0.705230775,0.748036517,0.536093081,21.21140691,28.26046512,13.26553154,21.22978358,24.32996293,13.28873055,21.42161017,22.93877551,13.22769231
84.txt,290,136,124,88,166,48,0.647058824,0.427586207,0.468965517,0.709677419,0.289156627,7.986194985,7.902633289,3.725522523,0.86644763,0.928853793,0.757279002,0.054236712,0.033985607,0.10932846,0.676763485,0.782666667,0.456581197,0.7,0.8,0.46,0.755447613,0.84792816,0.518441618,34.7243266,97.65,13.57295891,30.93710021,47.86315136,13.35620915,32.14482759,72.38709677,14
85.txt,184,90,73,51,111,39,0.566666667,0.39673913,0.489130435,0.698630137,0.351351351,6.634888027,5.969098507,3.701716183,0.862869627,0.916411328,0.777903844,0.060548081,0.044860005,0.108587328,0.662666667,0.754166667,0.479032258,0.666666667,0.74,0.5,0.728605365,0.78446954,0.517319092,28.15075173,60.66891892,13.875,27.68065268,32.78909091,14.39423648,29.46195652,45.2739726,14.09009009
86.txt,167,89,63,51,104,38,0.573033708,0.377245509,0.532934132,0.80952381,0.365384615,6.88702677,6.425396041,3.726206568,0.877030441,0.948997774,0.783221361,0.055323997,0.028344954,0.107473999,0.719830508,0.801428571,0.512,0.713333333,0.78,0.52,0.762468985,0.866812722,0.550289679,41.75,92.61,16.0952381,42.61465634,0,14.89315224,41.36526946,71,14.64423077
87.txt,300,125,112,70,188,55,0.56,0.373333333,0.416666667,0.625,0.292553191,7.216878365,6.614378278,4.011287266,0.846510848,0.900391281,0.765277876,0.061962713,0.048608161,0.103212767,0.693784861,0.751111111,0.530503597,0.686666667,0.71,0.526666667,0.795464773,0.828052928,0.615641317,38.81603953,32.66666667,17.49650454,34.67153174,40.65263158,16.29213502,34.63666667,40.32142857,16.42553191
88.txt,379,148,146,84,233,64,0.567567568,0.385224274,0.390501319,0.575342466,0.274678112,7.602249355,6.951889464,4.192779405,0.841630619,0.889078359,0.762952439,0.061415874,0.051249333,0.100131779,0.751454545,0.751546392,0.55076087,0.76,0.75,0.57,0.78818123,0.814228175,0.606782783,59.24619331,58.63827525,23.3,52.20660211,60.53488372,20.99844994,53.30870712,66.10273973,20.79828326
89.txt,267,111,91,60,176,51,0.540540541,0.34082397,0.415730337,0.659340659,0.289772727,6.793089681,6.28970902,3.844269643,0.842906856,0.907663951,0.76043667,0.064740332,0.047133281,0.106685361,0.684495413,0.749047619,0.50976378,0.664,0.76,0.486666667,0.725619235,0.787405677,0.551837415,28.7464847,44.5853389,15.11205674,31.9146066,51.98799314,16.19161677,32.11610487,54.03296703,15.92613636
9.txt,300,112,118,68,182,44,0.607142857,0.393333333,0.373333333,0.576271186,0.241758242,6.466323015,6.259907402,3.261496993,0.827257858,0.884465865,0.72716848,0.069735037,0.055762893,0.120718098,0.635378486,0.705217391,0.40556391,0.66,0.68,0.426666667,0.732500039,0.791516015,0.506054827,30.69079166,30.17816092,14.58333333,27.18251542,31.397114,13.28627894,29.75333333,33.65254237,14.88461538
90.txt,303,107,120,61,183,46,0.570093458,0.396039604,0.353135314,0.508333333,0.25136612,6.146989389,5.568512668,3.400417846,0.817824178,0.858669651,0.734936476,0.073415287,0.06797404,0.117157681,0.592755906,0.623098592,0.400298507,0.6,0.62,0.42,0.68447046,0.701273823,0.491793838,21.70219984,18.57142857,12.47313433,21.34988797,20.54381654,12.07045144,22.72607261,24.10833333,12.45901639
91.txt,423,133,165,78,258,55,0.586466165,0.390070922,0.314420804,0.472727273,0.213178295,6.46668129,6.072291764,3.424150435,0.808673418,0.853261918,0.721657185,0.072849119,0.066173233,0.115417374,0.607058824,0.587413793,0.424401914,0.615,0.626666667,0.416,0.681558057,0.702983375,0.48647238,24.30167541,28.13671875,11.94893931,24.68862169,21.44580731,13.09638554,26.78250591,31.36969697,12.99612403
92.txt,248,103,107,62,141,41,0.601941748,0.431451613,0.415322581,0.579439252,0.290780142,6.540506541,5.993766232,3.452822876,0.840625535,0.883219679,0.750404576,0.0665599,0.05754472,0.116133075,0.65638191,0.738965517,0.451304348,0.665,0.71,0.46,0.703403822,0.718054758,0.496430736,27.55555556,24.42795139,13.45909091,30.83667065,32.81498136,13.44415081,30.13306452,36.24299065,13.34042553
93.txt,304,113,114,62,190,51,0.548672566,0.375,0.371710526,0.543859649,0.268421053,6.480994482,5.806832032,3.699928876,0.826896084,0.871402335,0.749343929,0.069719182,0.062519987,0.109997005,0.626588235,0.638153846,0.445957447,0.636666667,0.67,0.433333333,0.747226183,0.751194219,0.563783038,23.92792554,37.43757031,12.78964401,23.83468662,25.61525974,12.67127072,25.59210526,38.49122807,12.81578947
94.txt,380,141,154,86,226,55,0.609929078,0.405263158,0.371052632,0.558441558,0.243362832,7.233147382,6.930077491,3.658545579,0.833100542,0.884333772,0.739287392,0.064695139,0.052875489,0.110747918,0.692145015,0.742285714,0.493785311,0.697142857,0.753333333,0.485,0.770671208,0.796244122,0.571271554,39.80443987,43.67952014,15.45356742,35.87759171,51.26257901,14.50869313,38.39736842,53.07142857,16.3539823
95.txt,269,113,99,59,170,54,0.522123894,0.36802974,0.420074349,0.595959596,0.317647059,6.889731598,5.92972311,4.14161094,0.844974387,0.887362588,0.77670183,0.063803053,0.056441885,0.100113554,0.684181818,0.6748,0.562975207,0.692,0.7,0.56,0.772174344,0.76615042,0.611750303,36.02678571,23.59603111,19.50786939,34.59462497,23.73283396,18.76612772,36.40148699,25.58585859,19.58235294
96.txt,227,92,95,48,132,44,0.52173913,0.418502203,0.405286344,0.505263158,0.333333333,6.106254467,4.92469609,3.829708431,0.833517095,0.850089079,0.775003716,0.070662597,0.075799733,0.106101599,0.67011236,0.615652174,0.49373494,0.705,0.6,0.48,0.739492287,0.683423846,0.559004516,34.13522201,28.77737226,19.00370096,34.56381551,24.73143088,16.46637415,37.969163,27.25263158,17.43181818
97.txt,353,126,139,77,214,49,0.611111111,0.393767705,0.35694051,0.553956835,0.228971963,6.706303322,6.531054759,3.349571042,0.824394143,0.880297572,0.725277244,0.06892519,0.055857024,0.117885827,0.684407895,0.732888889,0.490666667,0.677142857,0.74,0.485,0.735125735,0.794620183,0.525728325,34.7464428,38.68884375,16.6812633,34.01365184,41.57565284,15.65829146,33.36543909,47.4676259,15.48130841
98.txt,324,124,125,72,199,52,0.580645161,0.385802469,0.382716049,0.576,0.261306533,6.888888889,6.439875775,3.686182266,0.833851485,0.885747354,0.746460642,0.066180257,0.054486194,0.110289501,0.631927273,0.670526316,0.4568,0.643333333,0.67,0.466666667,0.73232244,0.749493361,0.555260137,26.58991495,23.1659767,14.05319907,26.31673279,22.34869481,14.25994418,27.70679012,24.128,14.64321608
99.txt,291,104,132,65,159,39,0.625,0.453608247,0.357388316,0.492424242,0.245283019,6.09658797,5.657523819,3.092901184,0.818636746,0.854916365,0.722752197,0.073608413,0.068417155,0.125941749,0.590909091,0.581686747,0.379818182,0.616,0.61,0.386666667,0.71082709,0.733305424,0.470636996,23.48323816,28.02927787,12.29530568,21.7263513,20.34291915,11.82129955,25.4467354,27.16666667,12.49685535
