Filename,Scale,HS,C,LA,LD,ndwerz,ndwesz,logttr,uber,lv,vv1,cvv1,vv2,nv,mattr,msttr,mtld,hdd,vocd,KF_Freq_AW_Log,KF_Ncats_AW,KF_Nsamp_AW,TL_Freq_AW_Log,Brown_Freq_AW_Log,MRC_Familiarity_AW,MRC_Concreteness_AW,MRC_Imageability_AW,MRC_Meaningfulness_AW,Kuperman_AoA_AW,Brysbaert_Concreteness_Combined_AW,SUBTLEXus_Freq_AW_Log,SUBTLEXus_Range_AW_Log,BNC_Written_Freq_AW_Log,BNC_Written_Range_AW,BNC_Spoken_Freq_AW_Log,BNC_Spoken_Range_AW,BNC_Spoken_Bigram_Normed_Freq_Log,BNC_Written_Bigram_Freq_Normed_Log,BNC_Spoken_Trigram_Normed_Freq_Log,BNC_Written_Trigram_Freq_Normed_Log,BNC_Spoken_Bigram_Proportion,BNC_Written_Bigram_Proportion,BNC_Spoken_Trigram_Proportion,BNC_Written_Trigram_Proportion,COCA_spoken_Range_Log_AW,COCA_spoken_Frequency_Log_AW,COCA_spoken_Bigram_Frequency_Log,COCA_spoken_Bigram_Range_Log,COCA_spoken_bi_MI2,COCA_spoken_bi_T,COCA_spoken_bi_DP,COCA_spoken_bi_prop_30k,COCA_spoken_Trigram_Frequency_Log,COCA_spoken_Trigram_Range_Log,COCA_spoken_tri_MI2,COCA_spoken_tri_T,COCA_spoken_tri_DP,COCA_spoken_tri_2_MI,COCA_spoken_tri_2_T,COCA_spoken_tri_2_DP,COCA_spoken_tri_prop_30k,eat_types,eat_tokens,USF,McD_CD,Sem_D,Log_Freq_HAL,Ortho_N,Phono_N,Phono_N_H,OG_N,OG_N_H,Freq_N,Freq_N_P,Freq_N_PH,Freq_N_OG,Freq_N_OGH,OLD,OLDF,PLD,PLDF,BG_Mean,LD_Mean_RT,LD_Mean_RT_Zscore,LD_Mean_RT_SD,LD_Mean_Accuracy,WN_Mean_RT,WN_Zscore,WN_SD,WN_Mean_Accuracy,lsa_average_top_three_cosine,lsa_max_similarity_cosine,lsa_average_all_cosine,aoe_inverse_average,aoe_inverse_linear_regression_slope,aoe_index_above_threshold_40,aoe_inflection_point_polynomial
1,3,85,7,6,0.51,40,37.7,0.88,21.38,0.69,28.49,0.69,0.19,0.75,0.71,0.72,0.77,43.91,85,3.04,13.76,291.55,3.77,2.46,598.31,340.36,355.39,380.67,4.69,2.8,4.84,3.66,0,75.94,0.1,74.05,-1.42,-1.55,-2.14,-2.3,0.55,0.52,0.17,0.14,-0.45,3.06,1.29,-1.48,8.8,46.27,0.04,0.48,0.62,-2.04,8.13,21.03,0.01,2.28,21.65,0.13,0.14,37.49,85.02,21.38,0.92,2.08,13.16,9.25,19.27,20.43,4.46,9.85,8.93,8.28,8.27,9.86,9.85,1.61,8.68,1.4,9.13,3828.1,621.17,-0.59,213.87,0.96,602.01,-0.56,124.52,0.99,0.24,0.4,0.19,0.27,0.97,1.24,3.59
2,2,60.33,5,5,0.47,37.6,31.7,0.85,17.27,0.61,15.24,0.61,0.16,0.79,0.64,0.62,0.73,27.66,68.2,3.27,14.21,322.37,4.02,2.47,600.66,332.82,353.37,361.55,4.53,2.66,4.84,3.69,0.18,78.48,0.09,73.36,-1.48,-1.45,-2.19,-2.33,0.61,0.68,0.14,0.23,-0.44,3.11,1.3,-1.49,8.99,50.77,0.04,0.57,0.53,-2.15,8.22,23.42,0.01,2.5,24.09,0.13,0.13,38.48,85.13,21.51,0.79,2.11,13.28,10.51,20.53,21.87,5.32,9.16,8.62,8.18,8.2,9.13,9.16,1.53,8.67,1.42,9.28,3967.82,608.43,-0.63,205.53,0.96,596.59,-0.58,125.28,0.99,0.17,0.29,0.16,0.26,1.08,1.2,3.6
3,2,69.33,6,5,0.51,36.1,31,0.85,16.61,0.57,16.98,0.55,0.18,0.6,0.58,0.58,0.69,20.54,51.7,3.07,14.13,294.98,3.84,2.58,598.73,328.41,353.73,381.65,4.45,2.76,4.9,3.72,0.05,78.74,0.16,77.97,-1.35,-1.52,-2.03,-2.3,0.64,0.61,0.22,0.2,-0.38,3.12,1.34,-1.43,9.19,46.73,0.03,0.55,0.59,-2.07,8.13,22.32,0,2.37,21.42,0.12,0.16,37.65,88.16,20.08,0.81,2.08,13.23,9.29,22.93,24.4,4.51,10.03,8.92,8.08,8.07,10,10.03,1.61,8.71,1.34,9.14,3720.95,619.38,-0.59,205.45,0.96,597.72,-0.58,120.49,0.99,0.17,0.29,0.16,0.28,1.1,1.2,3.59
4,1,54.67,4,4,0.49,35.2,24.2,0.82,13.83,0.39,5.12,0.48,0.08,0.58,0.47,0.5,0.66,13.53,44.8,3.08,14.56,286.65,3.86,2.45,599.24,326.48,364.46,396.09,4.61,2.65,4.87,3.73,0.04,78.73,0.12,75.91,-1.45,-1.53,-2,-2.25,0.6,0.56,0.17,0.17,-0.38,3.09,1.3,-1.47,8.92,55.83,0.04,0.53,0.86,-1.82,9.03,29.11,0.01,2.71,29.27,0.12,0.18,37.21,87.48,27.86,0.75,2.08,13.23,8.63,18.94,20.06,3.71,9.54,8.77,8.1,8.1,9.55,9.54,1.69,8.61,1.5,9.01,3876.88,609.36,-0.62,198.21,0.97,595.68,-0.59,123.8,0.99,0.2,0.33,0.18,0.21,0.88,0.52,2.78
5,3,84.67,6,6,0.48,36,33.3,0.83,15.78,0.51,12.26,0.51,0.11,0.58,0.63,0.62,0.74,28.44,63.6,3.13,14.2,300.37,3.91,2.6,601.69,333.9,358.89,379.87,4.32,2.62,4.99,3.73,0.1,78.05,0.2,77.91,-1.24,-1.44,-2.1,-2.3,0.64,0.63,0.23,0.2,-0.35,3.21,1.48,-1.33,9.58,72.1,0.04,0.57,0.62,-2.05,8.35,20.99,0,2.31,20.31,0.12,0.17,36.51,88.48,21.41,0.76,2.08,13.38,9.21,21.05,22.42,4.09,9.83,8.99,7.96,7.96,9.83,9.83,1.58,8.75,1.4,9.12,3631.82,619.68,-0.59,212.72,0.96,596.48,-0.59,121.79,0.99,0.18,0.29,0.17,0.25,1.01,0.97,3.29
6,2,65.67,6,5,0.58,37.7,35.7,0.85,16.83,0.57,14.2,0.53,0.13,0.52,0.72,0.72,0.74,47.03,64.4,3.34,14.22,335.28,4.06,2.68,603.33,321.46,339.88,354.48,4.48,2.56,5.04,3.73,0.29,81.51,0.36,80.13,-1.18,-1.44,-2.01,-2.29,0.62,0.63,0.21,0.16,-0.33,3.35,1.55,-1.27,9.1,-5.62,0.03,0.58,0.57,-2.1,7.59,5.18,0,1.61,11.6,0.08,0.15,38.04,88.38,15.61,0.67,2.13,13.75,9.83,19.87,21.14,4.26,9.52,9,8.21,8.23,9.5,9.52,1.54,8.7,1.37,9.36,3772.27,611.55,-0.62,212.37,0.97,592.47,-0.59,124.37,0.99,0.16,0.28,0.19,0.3,1.12,1.47,3.92
7,3,86.67,6,6,0.48,37.9,33.8,0.84,16.04,0.46,10.08,0.53,0.12,0.59,0.67,0.68,0.77,31.68,69.3,3.05,14.33,294.35,3.83,2.37,599.1,305.28,349.38,379.92,4.88,2.44,4.79,3.72,0.05,81.16,0.1,77.08,-1.49,-1.57,-2.34,-2.46,0.6,0.59,0.17,0.16,-0.35,3.11,1.28,-1.48,8.94,48.57,0.04,0.55,0.49,-2.16,8.45,20.03,0,2.63,18.8,0.15,0.14,37.31,82.65,28.26,0.83,2.14,13.26,8.53,18.16,19.56,3.64,9.51,8.82,8.23,8.25,9.5,9.51,1.69,8.6,1.53,9.05,3811.26,610.57,-0.61,198.12,0.97,591.92,-0.6,121.87,0.99,0.16,0.28,0.13,0.26,0.94,1.25,3.37
8,1,53,5,4,0.48,36.4,29.9,0.83,14.47,0.47,8.53,0.52,0.12,0.57,0.56,0.59,0.66,19.07,43.5,3.26,14.03,334.86,4.04,2.5,595.59,312.54,338.5,353.44,4.63,2.61,4.88,3.7,0.17,79.57,0.21,77.55,-1.26,-1.31,-2.05,-2.33,0.57,0.56,0.16,0.19,-0.41,3.16,1.48,-1.33,9.28,45,0.06,0.53,0.71,-1.96,8.72,12.84,0.01,2.42,23.46,0.15,0.14,37.27,87.08,19.83,0.79,2.14,13.34,10.53,21.92,23.21,5.05,9.33,8.75,8.26,8.26,9.35,9.33,1.54,8.67,1.42,9.18,3778.11,611.95,-0.61,209.26,0.96,591.1,-0.6,120.24,0.99,0.16,0.28,0.16,0.28,1.11,1.19,3.76
9,3,84,6,6,0.5,37.6,34.1,0.84,15.88,0.63,16.49,0.56,0.15,0.57,0.64,0.66,0.73,30.69,61.5,3.16,14.22,326.58,3.88,2.42,598.77,319.44,350.9,381,4.84,2.52,4.73,3.67,0.03,79.82,0.08,76.27,-1.35,-1.38,-1.98,-2.12,0.45,0.43,0.11,0.1,-0.4,3.08,1.46,-1.34,9.36,60.63,0.04,0.4,0.68,-1.98,8.41,23.99,0,2.07,22.18,0.11,0.09,37.24,88.63,26.97,0.72,2.15,13.12,9.22,19.54,20.96,4.19,9.33,8.55,8.04,8.04,9.33,9.33,1.59,8.58,1.46,9.1,3677.74,611.37,-0.62,200.66,0.97,602.65,-0.56,129.93,1,0.16,0.27,0.17,0.22,0.89,0.56,2.81
10,2,74,6,6,0.52,36.6,32.8,0.85,17.02,0.64,17.36,0.56,0.14,0.55,0.64,0.64,0.72,33.64,54.7,3.21,14.29,321,3.78,2.48,600.01,308.08,333.39,366.67,4.8,2.61,4.79,3.65,0.09,78.98,0.26,79.53,-1.41,-1.54,-2.27,-2.53,0.65,0.53,0.14,0.11,-0.45,3.07,1.32,-1.45,8.63,30.78,0.03,0.52,0.35,-2.29,6.92,5.89,0,1.59,9.76,0.06,0.1,38.74,92.62,17.05,0.79,2.12,13.39,7.67,18.6,19.83,3.18,10.14,9.17,8.36,8.36,10.08,10.14,1.72,8.65,1.52,9.07,4497.3,621.12,-0.59,209.6,0.97,601.35,-0.57,128.05,0.99,0.17,0.28,0.15,0.32,0.99,1.62,4.11
11,1,55,5,5,0.49,38.4,33.8,0.85,16.14,0.53,8.53,0.56,0.11,0.58,0.65,0.63,0.74,27.39,80.7,3.16,14.39,314.45,3.78,2.46,598.88,314.26,338.48,365.56,4.6,2.44,4.87,3.69,0.04,77.56,0.32,81.5,-1.24,-1.42,-2.08,-2.35,0.72,0.61,0.27,0.22,-0.44,3.07,1.55,-1.26,9.66,63.22,0.04,0.57,0.6,-2.06,8.12,18.73,0.01,2.33,18.12,0.1,0.2,35.41,88.35,17.63,0.81,2.08,13.24,9.11,18.81,19.94,4.2,10.25,9.27,8.28,8.27,10.24,10.25,1.63,8.72,1.42,9.13,4388.3,619.52,-0.59,211.44,0.96,598.55,-0.58,124.82,1,0.19,0.3,0.18,0.27,0.99,0.98,3.5
12,1,56.33,5,5,0.5,36.5,30.9,0.83,15,0.45,8.1,0.52,0.12,0.56,0.61,0.63,0.72,31.04,52.6,3.11,14.02,312.15,3.82,2.41,600.03,306.42,332,365.32,4.94,2.55,4.8,3.66,0.07,78.91,0.19,76.85,-1.41,-1.49,-2.12,-2.35,0.64,0.57,0.2,0.18,-0.41,3.13,1.37,-1.41,8.89,39.73,0.04,0.54,0.66,-2,8.33,19.65,0,2.11,22.27,0.12,0.15,37.44,85.57,19.65,0.79,2.12,13.28,8.86,19.25,20.48,3.65,9.44,8.75,8.13,8.13,9.44,9.44,1.67,8.46,1.49,8.96,3966.37,614.26,-0.62,211.41,0.97,600.84,-0.55,125.04,0.99,0.16,0.27,0.14,0.31,1.08,1.49,3.95
13,3,83.33,6,6,0.53,35.6,31.9,0.84,16.36,0.62,18.75,0.56,0.16,0.53,0.62,0.63,0.7,24.05,47.4,3.13,14.24,311.77,3.87,2.61,603.06,302.18,332.96,367.67,4.89,2.52,4.86,3.66,0.05,79.66,0.24,79.1,-1.21,-1.46,-2.06,-2.31,0.6,0.56,0.23,0.16,-0.38,3.16,1.58,-1.22,9.67,66.49,0.05,0.56,0.77,-1.91,8.62,31.47,0,2.19,31.95,0.1,0.2,37.83,87.71,20.8,0.85,2.12,13.38,9.38,20.79,22.27,4.4,9.69,8.9,8.23,8.18,9.65,9.69,1.66,8.58,1.42,9.07,3640.76,619.05,-0.61,205.6,0.96,597.72,-0.59,127.8,0.99,0.16,0.26,0.17,0.31,0.99,1.67,4.08
14,1,52.67,5,4,0.53,38.3,33.1,0.85,17.21,0.58,20.42,0.55,0.16,0.67,0.62,0.67,0.75,24.73,65.5,3.15,14.06,307.38,3.97,2.43,599,327.23,348.89,370.85,4.61,2.62,4.77,3.67,0.07,77.19,0.07,72.51,-1.32,-1.37,-2.05,-2.31,0.55,0.55,0.14,0.13,-0.47,3.04,1.45,-1.36,9.12,6.45,0.04,0.5,0.65,-2.02,8.19,7.17,0.01,1.88,10.26,0.11,0.11,39.38,89,19.53,0.79,2.11,13.16,8.98,20.4,21.81,4.38,8.93,8.59,8.04,8.03,8.93,8.93,1.65,8.5,1.52,9.02,3663.93,620.79,-0.6,221.66,0.96,607.26,-0.53,129.29,0.99,0.18,0.31,0.18,0.27,1.02,1.09,3.51
15,1,55.67,6,5,0.46,36.8,32.6,0.86,17.05,0.8,16,0.67,0.17,0.62,0.59,0.63,0.68,23.69,44.4,3.03,14.07,297.2,3.75,2.43,598.45,336.46,354.96,376.78,4.59,2.69,4.74,3.66,-0.02,78.05,0.12,76.19,-1.42,-1.66,-1.97,-2.35,0.53,0.54,0.1,0.11,-0.5,2.94,1.38,-1.4,9.32,52.2,0.05,0.48,0.51,-2.17,8.32,28.59,0.01,2.42,29.22,0.13,0.08,36.74,83.99,29.14,0.81,2.11,13.13,8.66,20.69,22.39,4.31,9.9,9.1,8.14,8.14,9.71,9.9,1.66,8.64,1.4,9.06,3606.38,621.14,-0.58,207.71,0.96,604.97,-0.56,128.45,1,0.2,0.35,0.18,0.27,0.94,1.11,3.53
16,1,53.33,4,5,0.61,35.4,34.2,0.84,16.15,0.59,15.36,0.46,0.11,0.4,0.63,0.64,0.71,31.33,46.7,3.19,13.93,311.43,3.92,2.51,600.87,322.64,341.4,362.2,4.48,2.74,4.87,3.64,0.09,76.65,0.15,74.8,-1.27,-1.4,-2.13,-2.37,0.61,0.62,0.21,0.23,-0.46,3.11,1.51,-1.3,9.52,53.5,0.04,0.58,0.68,-1.99,8.65,20.77,0.01,2.56,21.24,0.13,0.2,37.33,88.91,23.8,0.95,2.08,13.34,9.09,18.96,20.26,4.14,10.02,9.26,8.28,8.27,10.04,10.02,1.63,8.67,1.48,9.14,3944,619.35,-0.59,211.44,0.95,603.83,-0.56,133.89,0.99,0.22,0.36,0.2,0.24,0.95,1.03,3.12
17,1,52.67,4,4,0.54,37.6,32.5,0.84,15.38,0.52,8.26,0.54,0.12,0.59,0.64,0.64,0.72,29.51,61.2,3.14,14.43,306.77,3.93,2.55,603.09,310.34,349.9,388.66,4.6,2.55,4.98,3.78,0.13,82.19,0.18,78.83,-1.41,-1.48,-2.15,-2.39,0.66,0.66,0.2,0.25,-0.3,3.22,1.49,-1.29,9.41,60.94,0.04,0.65,0.63,-2.03,8.42,23.94,0,2.43,24.1,0.1,0.21,36.53,84.86,31.46,0.7,2.13,13.5,9.46,21.26,22.79,4.11,9.84,9.03,8.29,8.29,9.85,9.84,1.59,8.78,1.4,9.24,3787.74,611.56,-0.61,198.79,0.97,590.72,-0.61,120.71,0.99,0.18,0.29,0.14,0.26,0.99,0.73,3.38
18,2,61,6,5,0.45,37.4,30,0.82,14.52,0.48,11.02,0.53,0.13,0.54,0.6,0.6,0.72,20.07,61.5,3.26,14.4,324.33,3.75,2.57,607.53,323.18,338.78,375.52,4.59,2.6,4.92,3.63,0.05,76.7,0.44,82.34,-1.06,-1.33,-1.91,-2.26,0.71,0.57,0.31,0.22,-0.48,3.12,1.75,-1.1,9.86,57.09,0.04,0.56,0.8,-1.88,8.28,25.8,0,1.75,22.93,0.08,0.2,37.9,93.26,15.54,0.56,2.07,13.39,9.21,20.78,22.35,4.17,10.25,9.44,8.45,8.44,10.23,10.25,1.59,8.86,1.42,9.27,4217.78,612.61,-0.61,196.98,0.96,599.68,-0.56,122.54,1,0.18,0.29,0.18,0.28,0.93,1.12,3.58
19,2,67,6,6,0.52,42.2,37.5,0.88,20.59,0.68,20.45,0.69,0.18,0.73,0.74,0.74,0.81,55.11,109.4,2.99,13.81,274.71,3.82,2.55,598.55,338.24,364.13,380.66,4.63,2.75,4.74,3.63,-0.09,74.15,0.09,74.12,-1.35,-1.54,-2.09,-2.4,0.61,0.56,0.22,0.19,-0.52,2.92,1.36,-1.42,9.27,54.52,0.04,0.5,0.71,-1.95,9.02,21.16,0,2.79,21.93,0.11,0.17,37.25,86.52,22.43,0.78,2.05,13.03,8.29,19.71,20.97,3.97,9.64,8.87,8.04,8.02,9.62,9.64,1.69,8.58,1.48,9.04,3523.67,627.89,-0.57,211.96,0.96,606.07,-0.54,125.36,0.99,0.19,0.29,0.17,0.3,0.97,1.51,3.95
20,2,64.67,6,6,0.51,35.7,34.1,0.83,14.67,0.61,13.92,0.53,0.16,0.65,0.64,0.65,0.71,29.01,51.7,3.08,14.26,299.66,3.83,2.49,597.64,312,336.59,372.58,4.79,2.66,4.76,3.65,-0.03,77.5,0.1,75.24,-1.54,-1.6,-2.28,-2.41,0.58,0.55,0.15,0.14,-0.42,3.05,1.23,-1.52,8.64,43.31,0.03,0.5,0.66,-1.99,8.52,20.22,0,2.32,18.44,0.1,0.14,38.53,88.3,21.13,0.72,2.12,13.2,8.24,18.68,20.03,3.97,9.68,8.86,8.04,8.05,9.65,9.68,1.69,8.5,1.5,8.94,3824.78,619.15,-0.6,213.89,0.97,599.05,-0.58,124.45,1,0.19,0.32,0.14,0.27,0.94,1.11,3.6
21,2,75.33,6,6,0.53,40.3,36.8,0.85,16.44,0.51,10.76,0.52,0.12,0.56,0.68,0.71,0.8,27.11,85.8,3,13.99,296.51,3.87,2.51,598.73,326.21,349.29,387.35,4.47,2.63,4.91,3.72,-0.07,77.35,0.16,79.87,-1.36,-1.58,-2.15,-2.38,0.61,0.55,0.14,0.1,-0.37,3.1,1.38,-1.37,9.19,27.1,0.03,0.52,0.44,-2.21,8.4,18.1,0,2.43,16.75,0.1,0.1,36.43,88.26,24.29,0.81,2.11,13.16,9.38,22.81,24.35,4.79,10.21,9.27,8.22,8.23,10.23,10.21,1.58,8.85,1.35,9.23,3556.31,610.56,-0.61,198.8,0.96,596.76,-0.6,119.88,0.99,0.15,0.27,0.14,0.22,0.91,0.76,2.91
22,3,83.33,6,6,0.56,41.7,36.7,0.87,19.59,0.72,23.67,0.57,0.17,0.57,0.68,0.68,0.78,28.99,87.1,3.14,14.01,313.22,3.95,2.55,601.51,321.77,342.06,369.85,4.52,2.59,4.95,3.72,0.11,79.86,0.24,80.33,-1.27,-1.45,-2.05,-2.3,0.68,0.65,0.29,0.28,-0.37,3.18,1.51,-1.28,9.44,63,0.03,0.62,0.73,-1.94,8.8,26.22,0,2.52,23.75,0.13,0.25,36.89,90.36,28.57,0.8,2.14,13.46,9.81,23.21,24.78,4.85,9.92,9.06,8.24,8.24,9.9,9.92,1.6,8.75,1.37,9.21,3750.35,612,-0.61,197.86,0.97,595.19,-0.59,123.04,1,0.18,0.32,0.16,0.22,0.94,0.58,2.82
23,2,72.67,5,5,0.55,36,35.8,0.84,16.4,0.57,13.71,0.5,0.1,0.61,0.67,0.67,0.73,40.49,60.9,3.12,14.46,306.31,3.82,2.47,598.48,310.29,345.5,388.56,4.84,2.62,4.83,3.7,0.01,80.08,0.15,77.99,-1.27,-1.51,-2.31,-2.56,0.59,0.59,0.24,0.21,-0.36,3.12,1.48,-1.3,9.55,55.43,0.03,0.55,0.54,-2.11,8.37,17.92,0,2.54,17.28,0.1,0.2,38.18,86.45,29.53,0.6,2.13,13.25,9.85,23.38,24.99,4.73,9.75,9.02,7.98,7.93,9.77,9.75,1.6,8.58,1.39,9.03,3214.84,614.82,-0.61,207.9,0.96,599.82,-0.57,127.98,0.99,0.19,0.29,0.16,0.25,0.93,0.81,3.34
24,2,72.67,6,6,0.48,40.7,34.6,0.86,18.95,0.71,22.76,0.66,0.18,0.72,0.65,0.66,0.73,23.61,72,3.23,14.2,325.87,3.99,2.49,601.47,314.05,330.2,349.73,4.6,2.64,4.84,3.67,0.16,80.11,0.2,77.11,-1.23,-1.42,-1.97,-2.25,0.6,0.63,0.17,0.17,-0.43,3.12,1.51,-1.29,9.21,54.65,0.03,0.56,0.79,-1.87,8.28,27.16,0,1.91,24.98,0.1,0.15,36.22,89.84,19.37,0.7,2.12,13.39,9.7,19.2,20.31,3.98,9.4,8.87,8.26,8.24,9.45,9.4,1.56,8.66,1.42,9.2,3656.11,614.77,-0.62,215.43,0.96,595.67,-0.59,124.4,0.99,0.2,0.33,0.16,0.24,0.95,1.04,3.25
25,2,77.67,6,6,0.5,38.4,33.6,0.85,17.03,0.56,13.4,0.57,0.15,0.67,0.63,0.62,0.72,29.8,60.6,3.21,13.97,315.16,3.99,2.48,601.5,320.39,348.79,369.97,4.93,2.74,4.79,3.65,0.09,76.88,0.13,74.75,-1.29,-1.35,-2.03,-2.16,0.45,0.46,0.11,0.1,-0.49,3.08,1.54,-1.28,9.21,32.42,0.03,0.43,0.7,-1.97,8,16.38,0,1.99,20.92,0.1,0.1,37.54,83.88,21.07,0.82,2.12,13.22,8.99,20.31,21.38,3.97,9.25,8.67,8.39,8.38,9.27,9.25,1.63,8.6,1.49,9.16,4104.65,618.84,-0.6,215.65,0.96,602.86,-0.55,127.31,0.99,0.15,0.25,0.15,0.26,0.94,1.05,3.46
26,3,91.33,7,7,0.48,37.5,34.6,0.86,18.46,0.59,18.96,0.62,0.15,0.67,0.67,0.66,0.73,36.23,62.1,3.17,13.63,311.3,3.94,2.42,602.38,317.61,343.18,344.37,4.67,2.75,4.72,3.61,0.1,75.86,0.04,71.41,-1.42,-1.41,-1.89,-2.22,0.51,0.54,0.1,0.16,-0.47,3.08,1.37,-1.43,8.96,48.39,0.04,0.46,0.74,-1.94,8.62,24.39,0.01,2.48,29.49,0.14,0.1,39.36,93.99,18.31,0.76,2.1,13.05,9.54,19.72,20.96,4.14,9.49,8.7,8.12,8.12,9.52,9.49,1.62,8.62,1.5,9.18,3443.55,615.9,-0.6,213.57,0.96,599.4,-0.55,124.69,0.99,0.19,0.32,0.18,0.24,0.96,1.05,3.26
27,1,52.67,5,4,0.54,33.4,31.6,0.86,16.43,0.63,7.58,0.57,0.12,0.57,0.61,0.64,0.67,29.12,49.3,3.06,14.03,292.79,3.76,2.51,600.73,329.04,355.5,389.48,4.6,2.73,4.83,3.64,-0.04,75.17,0.17,76.01,-1.25,-1.48,-1.96,-2.35,0.59,0.56,0.19,0.17,-0.46,3.06,1.44,-1.36,9.37,57.55,0.05,0.52,0.67,-2,8.42,20.37,0,2.36,20.58,0.11,0.16,35.95,85.06,19.8,0.75,2.04,13.07,8.9,21.01,22.52,4.34,9.87,9.23,8.28,8.28,9.84,9.87,1.6,8.73,1.36,9.19,4011.47,615.39,-0.59,200.9,0.95,597.18,-0.58,122.36,0.99,0.21,0.36,0.18,0.25,0.95,0.95,3.3
28,3,87.67,6,7,0.53,40.5,37.7,0.86,19.16,0.71,24.08,0.6,0.16,0.6,0.76,0.74,0.81,59.7,97.3,3.3,14.1,322.9,4.1,2.6,600.58,308.26,335.06,346.79,4.54,2.45,4.85,3.65,0.24,79.45,0.21,75.12,-1.47,-1.45,-2.24,-2.41,0.63,0.62,0.15,0.22,-0.43,3.18,1.38,-1.41,8.86,5.62,0.04,0.56,0.44,-2.22,7.83,9.49,0,2.27,16.6,0.12,0.12,38.57,86.26,17.55,0.63,2.12,13.4,10.58,20.73,21.98,4.23,9.46,8.81,8.24,8.25,9.46,9.46,1.51,8.71,1.41,9.26,3566.72,611.02,-0.62,212.57,0.96,599.94,-0.56,125.83,0.99,0.16,0.27,0.17,0.22,0.95,0.59,3.02
29,2,75.33,6,5,0.5,40.9,33.6,0.85,17.14,0.6,14.88,0.58,0.13,0.67,0.67,0.66,0.79,30.56,85.3,3.09,13.75,294.57,3.69,2.1,601.28,321.2,349.24,356.94,4.71,2.73,4.6,3.57,-0.16,68.71,0.13,75.33,-1.43,-1.45,-2.14,-2.38,0.54,0.42,0.09,0.1,-0.67,2.77,1.35,-1.45,9.21,26.96,0.04,0.38,0.55,-2.12,8.43,20.21,0.01,2.66,6.07,0.12,0.06,40.34,87.69,25.82,0.64,2.02,12.75,9.4,19.99,21.01,3.89,9.43,9,8.27,8.27,9.39,9.43,1.59,8.64,1.44,9.16,4635.26,605.7,-0.63,200.47,0.96,599.71,-0.57,126.72,1,0.2,0.34,0.21,0.22,0.92,0.56,2.73
30,1,54.67,5,5,0.55,34.1,23.8,0.82,13.78,0.51,12.26,0.47,0.14,0.44,0.53,0.56,0.66,15.72,35.1,3.22,14.33,324.68,3.9,2.57,600.34,299.58,332.51,370.89,4.82,2.49,4.91,3.72,0.17,81.94,0.31,82.43,-1.23,-1.32,-2,-2.26,0.67,0.58,0.2,0.2,-0.33,3.22,1.65,-1.17,9.76,73.25,0.04,0.55,0.81,-1.86,8.63,27.52,0,2.38,26.8,0.09,0.18,38.27,93,22.23,0.7,2.14,13.5,9.27,21.88,23.51,4.5,9.74,9.09,8.34,8.33,9.74,9.74,1.64,8.68,1.43,9.14,4257.04,608.59,-0.63,204.94,0.97,598.64,-0.58,124,1,0.18,0.3,0.17,0.29,0.99,1.38,3.91
31,1,52.67,4,4,0.46,36.7,35.9,0.86,17.15,0.68,17.79,0.62,0.19,0.67,0.67,0.66,0.72,31.21,68.2,3.27,14.35,318.82,4.04,2.63,605.23,318.59,338.35,356.72,4.42,2.64,5.01,3.74,0.23,79.81,0.27,78.35,-1.44,-1.49,-2.26,-2.39,0.69,0.69,0.19,0.22,-0.35,3.26,1.33,-1.45,8.77,23.7,0.03,0.59,0.49,-2.17,7.87,9.35,0,2.24,11.34,0.16,0.14,36.79,86.32,21.53,0.79,2.11,13.48,9.87,21.67,22.89,4.31,9.38,8.62,8.21,8.19,9.41,9.38,1.53,8.73,1.38,9.38,3181.54,612.74,-0.61,208.01,0.96,596.81,-0.58,121.93,0.99,0.17,0.31,0.18,0.22,0.97,0.85,2.97
32,1,59.67,5,5,0.53,37.5,32.8,0.85,16.77,0.53,9.53,0.54,0.11,0.53,0.66,0.62,0.76,30.04,66.5,3.08,14.28,296.96,3.87,2.5,597.09,314.52,343.12,375.43,5.07,2.51,4.85,3.69,0.02,79.55,0.14,77.92,-1.35,-1.56,-2.03,-2.33,0.59,0.57,0.18,0.17,-0.36,3.12,1.38,-1.39,9.1,55.27,0.04,0.57,0.68,-1.99,8.32,23.78,0,2.21,21,0.15,0.15,37.6,86.93,20.79,0.74,2.13,13.3,9.39,21.94,23.48,4.58,9.68,8.87,8.09,8.09,9.73,9.68,1.63,8.62,1.45,9.1,3631.46,620.03,-0.6,210.02,0.96,598.57,-0.58,125.99,0.99,0.16,0.28,0.16,0.28,0.94,1.12,3.58
33,2,79.33,6,6,0.53,40.3,34.6,0.84,16.42,0.57,14.2,0.5,0.12,0.47,0.71,0.71,0.79,39.13,78.8,3.13,14.32,302.06,3.97,2.61,602.66,324.56,360.29,384.21,4.4,2.73,5.01,3.76,0.1,79.87,0.23,79.65,-1.35,-1.52,-1.89,-2.27,0.63,0.62,0.2,0.2,-0.33,3.21,1.43,-1.35,9.3,58.6,0.03,0.61,0.74,-1.93,8.74,26.73,0,2.47,26.39,0.12,0.19,35.72,88.17,23.69,0.7,2.09,13.47,8.76,21.13,22.46,3.97,9.78,8.92,8.18,8.19,9.78,9.78,1.65,8.67,1.41,9.11,3323.63,608.76,-0.62,198.45,0.97,594.22,-0.6,121.66,1,0.18,0.29,0.18,0.2,0.87,0.23,2.63
34,2,74,6,5,0.5,40.5,35.9,0.86,18.47,0.58,12.74,0.62,0.14,0.75,0.74,0.74,0.82,46.78,99.9,3.06,14.13,297.54,3.83,2.59,601,325.1,349.27,384.33,4.44,2.63,4.94,3.72,0.07,79.72,0.23,80.5,-1.23,-1.5,-2.09,-2.39,0.62,0.57,0.22,0.16,-0.39,3.13,1.4,-1.38,8.93,37.61,0.03,0.48,0.6,-2.06,8.15,24.3,0,1.91,19.77,0.1,0.13,36.18,91.78,18.28,0.79,2.13,13.43,8.94,20.98,22.62,4.32,10.11,9.17,8.11,8.1,10.11,10.11,1.58,8.84,1.32,9.22,3544.61,617.71,-0.6,201.93,0.96,597.59,-0.58,120.64,0.99,0.17,0.29,0.15,0.24,0.94,0.61,3.21
35,2,64.33,6,5,0.58,39.8,35.6,0.9,23.06,0.81,13.76,0.72,0.18,0.72,0.67,0.7,0.77,46.45,82.1,3.02,14.08,297.92,3.83,2.37,600.8,304.39,332.85,362.76,4.89,2.58,4.59,3.54,-0.2,75.23,0.09,76.49,-1.4,-1.53,-1.99,-2.27,0.52,0.48,0.14,0.13,-0.58,2.84,1.38,-1.38,9.34,41.83,0.04,0.47,0.73,-1.93,9.13,21.99,0.01,2.71,23.52,0.13,0.13,38.92,81.51,19.51,0.72,2.13,13.05,7.9,18.98,20.6,3.37,9.78,8.92,8.13,8.15,9.77,9.78,1.72,8.5,1.49,8.97,3259.29,616.58,-0.6,197.65,0.96,601.91,-0.56,123.43,0.99,0.18,0.29,0.15,0.29,0.98,1.3,3.65
36,2,77.67,6,6,0.52,37.1,36.8,0.85,16.93,0.53,10.03,0.55,0.1,0.59,0.69,0.71,0.75,37.4,51.1,3.13,14.35,304.47,3.94,2.44,598.29,319.79,354.68,380.76,4.79,2.63,4.82,3.72,0.06,79.05,0.11,75.84,-1.44,-1.48,-2.14,-2.24,0.5,0.48,0.13,0.14,-0.41,3.08,1.43,-1.35,9.43,54.75,0.04,0.48,0.69,-1.97,8.67,27.43,0.01,2.73,27.65,0.11,0.13,39.96,83.99,26.66,0.75,2.11,13.29,9.03,19.27,20.72,3.41,9.34,8.31,8.01,8.02,9.36,9.34,1.65,8.49,1.51,8.89,3779.7,607.08,-0.63,198.06,0.97,593.62,-0.58,118.74,1,0.19,0.31,0.16,0.29,1.06,1.14,3.8
37,3,92.67,7,7,0.5,42,35,0.86,18.93,0.74,21.56,0.59,0.14,0.54,0.7,0.69,0.77,44.01,79.3,3.23,14.35,327.64,3.93,2.52,600.3,319.46,338.74,366.47,4.65,2.56,4.89,3.69,0.1,79.37,0.28,80.16,-1.39,-1.51,-2.09,-2.41,0.7,0.65,0.21,0.22,-0.39,3.17,1.45,-1.34,9.38,55.68,0.04,0.6,0.62,-2.05,8.28,22.06,0,2.55,22.54,0.09,0.21,38.29,85.13,25.11,0.82,2.11,13.41,8.91,17.99,18.93,4.09,9.59,8.81,8.24,8.24,9.53,9.59,1.61,8.58,1.45,9.09,4124.58,617.12,-0.61,217.84,0.96,596.35,-0.58,129.89,0.99,0.17,0.31,0.14,0.19,0.88,0.49,2.5
38,2,70,6,6,0.53,38.8,36.8,0.86,18.18,0.57,18.29,0.55,0.16,0.64,0.67,0.69,0.74,38.15,71.2,3.07,13.92,298.08,3.8,2.5,598.7,315.78,340.58,368.12,4.67,2.58,4.83,3.66,-0.04,75.1,0.12,76.2,-1.28,-1.57,-1.95,-2.32,0.54,0.53,0.15,0.14,-0.45,3.06,1.42,-1.38,9.09,38.06,0.03,0.49,0.68,-1.99,8.37,26.67,0.01,2.33,26.73,0.09,0.13,39.66,92.9,21.03,0.81,2.07,13.19,8.9,19.04,20.29,3.85,10.07,9.11,8.22,8.21,10.07,10.07,1.72,8.61,1.51,9.01,3623.43,610.2,-0.62,197.73,0.97,598.6,-0.57,121.08,1,0.18,0.31,0.18,0.26,0.97,0.9,3.41
39,1,58.33,5,4,0.51,40.2,36,0.88,20.25,0.74,14.81,0.7,0.16,0.69,0.71,0.71,0.78,42.38,91.3,3.1,13.67,308.69,3.81,2.6,600.13,322.18,342.77,366.88,4.6,2.81,4.82,3.64,0.04,77.35,0.1,75,-1.12,-1.39,-1.88,-2.15,0.51,0.51,0.2,0.17,-0.49,3.03,1.5,-1.32,9.24,70.09,0.05,0.44,0.96,-1.74,8.86,39.07,0.01,2.08,36.77,0.14,0.15,35.76,86.74,17.71,0.86,2.1,13.17,8.8,19.07,20.18,4.23,10.17,9.17,8.26,8.26,10.13,10.17,1.67,8.67,1.44,9.14,3943.92,617.52,-0.6,206.25,0.96,597.36,-0.58,127.84,1,0.21,0.34,0.17,0.27,0.95,0.78,3.52
40,2,79.67,6,6,0.49,37.7,36.3,0.84,16.63,0.63,18.28,0.55,0.13,0.59,0.71,0.73,0.76,51.06,67.7,3.12,14.15,294.3,3.89,2.59,603.71,328.91,356.85,379.5,4.34,2.71,4.96,3.71,0.04,76.56,0.27,79.4,-1.25,-1.53,-1.99,-2.33,0.62,0.59,0.2,0.16,-0.41,3.14,1.45,-1.35,9.31,48.53,0.03,0.53,0.67,-2,8.42,23.47,0,2.36,23.32,0.09,0.15,37.22,91.9,18.66,0.79,2.06,13.34,8.83,21.72,23.16,4.32,10.01,9.23,8.27,8.26,9.98,10.01,1.63,8.77,1.39,9.22,3810.85,620.1,-0.58,208.24,0.96,601.23,-0.57,123.9,0.99,0.2,0.33,0.2,0.26,0.97,0.94,3.26
41,2,65.33,5,5,0.48,39.8,35.7,0.86,17.52,0.69,18.69,0.61,0.17,0.59,0.67,0.68,0.74,33.01,64.8,3.1,14.65,296.37,3.88,2.27,603.25,298.73,367.05,396.96,4.76,2.35,4.8,3.72,-0.01,77.7,0.06,74.03,-1.36,-1.47,-2.07,-2.36,0.47,0.46,0.09,0.11,-0.39,3.06,1.31,-1.45,8.91,56.55,0.05,0.45,0.53,-2.13,7.85,19.31,0,2.2,11.35,0.16,0.08,38.23,77.96,28.39,0.64,2.1,13.06,9.95,20.77,22.6,3.78,9.33,8.62,7.87,7.91,9.37,9.33,1.59,8.61,1.46,9.02,3681.72,597.84,-0.63,191.71,0.97,588.52,-0.62,123.81,1,0.18,0.29,0.17,0.33,1.01,1.67,4.18
42,2,79.33,6,6,0.47,37.5,35.7,0.84,17.02,0.56,17.47,0.56,0.14,0.61,0.66,0.66,0.74,31.48,62.9,3.05,13.88,304.73,3.9,2.54,597.35,315.85,335.96,355.14,4.61,2.65,4.86,3.71,-0.02,76.82,0.12,76.52,-1.36,-1.53,-2,-2.35,0.54,0.54,0.14,0.13,-0.39,3.12,1.37,-1.4,9,43.56,0.03,0.51,0.66,-2,8.38,23.01,0,2.25,22.65,0.08,0.13,39.13,88.75,20.14,0.94,2.07,13.16,9.31,20.94,22.23,4.58,9.64,8.69,8.11,8.09,9.65,9.64,1.6,8.65,1.38,9.1,3425.93,612.84,-0.62,209.18,0.96,594.97,-0.58,120.06,1,0.2,0.36,0.18,0.24,0.97,0.78,3.11
43,2,79.67,6,6,0.49,38,36.6,0.85,16.81,0.57,13.22,0.57,0.14,0.59,0.7,0.7,0.77,37.04,74.4,3.12,14.12,320.11,3.89,2.55,598.2,293.7,327.28,362.3,5,2.39,4.83,3.7,0.09,80.76,0.17,77.86,-1.32,-1.46,-2.03,-2.19,0.61,0.58,0.18,0.13,-0.35,3.2,1.43,-1.35,9.11,45.93,0.03,0.57,0.63,-2.02,8.01,17.83,0,1.91,20.79,0.07,0.16,39.64,84.47,22.31,0.76,2.14,13.38,8.43,18.96,20.4,3.39,9.38,8.62,8.23,8.24,9.35,9.38,1.69,8.53,1.49,9.12,3620.85,615.73,-0.6,208.05,0.97,598.75,-0.57,124.1,0.99,0.18,0.29,0.17,0.37,1.16,2.44,4.59
44,3,92,7,7,0.5,40.5,38.5,0.86,18.03,0.44,10.47,0.57,0.12,0.65,0.72,0.74,0.78,42.39,102.4,3.22,14.13,323.28,4,2.51,601.78,329.07,352.7,357.61,4.44,2.72,4.89,3.72,0.14,79.05,0.15,76.29,-1.48,-1.56,-2.18,-2.3,0.58,0.57,0.14,0.13,-0.42,3.12,1.35,-1.41,8.78,-8.54,0.04,0.52,0.51,-2.14,7.55,-0.16,0,2.3,8.74,0.13,0.13,36.59,86.91,24.95,0.69,2.13,13.28,10.44,23.68,25.4,4.89,9.37,8.76,8.25,8.24,9.38,9.37,1.57,8.81,1.37,9.26,3285.16,607.55,-0.63,206.75,0.96,602.08,-0.56,124.39,1,0.18,0.29,0.15,0.3,1.07,1.62,3.82
45,2,79.33,6,6,0.48,38.3,35.9,0.84,15.81,0.55,12.6,0.59,0.15,0.64,0.68,0.68,0.72,33.03,79.9,2.99,13.91,261.97,3.55,2.2,597.86,349.17,373.74,395.84,4.29,2.79,4.73,3.58,-0.21,66.41,0.17,74.52,-1.36,-1.66,-2.07,-2.45,0.59,0.43,0.19,0.1,-0.68,2.75,1.22,-1.55,8.42,27.38,0.02,0.4,0.61,-2.06,8.51,17.14,0,2.28,17.65,0.1,0.09,36.83,90.74,21.52,0.59,1.93,12.76,9,20.61,22.15,4.13,10.03,9.21,8.35,8.42,10.04,10.03,1.59,8.8,1.39,9.25,4537.73,616.43,-0.59,211.86,0.96,598.89,-0.59,119.77,0.99,0.19,0.32,0.21,0.26,0.99,0.81,3.42
46,3,84.33,7,7,0.48,36.8,33.8,0.83,15.25,0.54,15.08,0.51,0.15,0.5,0.66,0.68,0.73,36.29,65.1,3.09,14.22,301.24,3.93,2.6,600.45,327.81,348.37,373.99,4.39,2.67,5.02,3.76,0.06,79.25,0.25,81.16,-1.39,-1.64,-2.01,-2.31,0.68,0.68,0.19,0.18,-0.35,3.16,1.4,-1.36,9.2,47,0.04,0.64,0.65,-2.01,8.61,23.18,0,2.39,21.97,0.11,0.19,35.84,85.85,18.05,0.76,2.09,13.37,9.39,23.82,25.47,4.42,10,9.06,8.13,8.14,10,10,1.62,8.78,1.35,9.22,3104.09,615.68,-0.6,198.25,0.96,597.09,-0.59,116.17,0.99,0.16,0.27,0.13,0.2,0.89,0.47,2.63
47,2,78.67,6,6,0.51,36.2,33.4,0.84,16.09,0.62,16.1,0.54,0.14,0.57,0.62,0.62,0.71,23.01,49.2,3.16,14.29,311.67,3.74,2.41,598.84,308.44,332.13,356.53,4.79,2.45,4.79,3.65,-0.03,75.89,0.3,81.26,-1.22,-1.4,-1.87,-2.1,0.6,0.53,0.2,0.16,-0.49,3,1.54,-1.27,9.56,62.95,0.04,0.48,0.75,-1.93,8.74,27.05,0.01,2.51,27.31,0.12,0.13,39.26,88.64,18.55,0.75,2.09,13.15,8.65,20.09,21.36,4.02,9.47,8.85,8.37,8.37,9.49,9.47,1.74,8.61,1.53,9.13,4193.4,611.13,-0.62,208.56,0.97,597.94,-0.57,119.92,1,0.17,0.31,0.15,0.26,0.97,1.22,3.39
48,2,75,6,6,0.52,39.4,36.9,0.88,19.56,0.71,17.86,0.66,0.18,0.7,0.71,0.7,0.77,38.74,98.2,3.17,14.34,327.58,3.94,2.51,597.4,312.41,341.62,370.42,4.79,2.64,4.76,3.66,-0.03,77.97,0.18,79.38,-1.43,-1.54,-2.13,-2.31,0.59,0.6,0.16,0.15,-0.47,3.01,1.34,-1.41,8.91,42.24,0.02,0.58,0.64,-2.02,8.67,22.71,0,2.45,21.81,0.11,0.14,39.01,87.82,20.78,0.77,2.14,13.31,10.07,23.77,25.16,5.03,9.38,8.66,8.09,8.1,9.37,9.38,1.59,8.59,1.37,9.19,3733.68,613.03,-0.62,211.36,0.96,600.38,-0.57,132.37,0.99,0.17,0.29,0.16,0.23,0.94,0.66,3
49,2,67,6,5,0.52,40.7,34.3,0.86,18.14,0.65,21.35,0.55,0.16,0.54,0.69,0.68,0.81,39.48,98.4,3.06,14.31,303.91,3.77,2.44,594.07,311.39,337.02,364.55,5.01,2.55,4.77,3.7,0.04,81.49,0.12,78.25,-1.46,-1.61,-2.22,-2.46,0.63,0.62,0.17,0.16,-0.36,3.11,1.27,-1.48,8.96,47.93,0.04,0.59,0.5,-2.15,8.17,19.24,0,2.35,18.82,0.12,0.15,38.11,84.31,14.88,0.71,2.14,13.19,8.87,20.51,21.91,4.1,9.44,8.64,8.17,8.17,9.42,9.44,1.66,8.45,1.49,8.96,3696.78,608.39,-0.62,200.07,0.97,599.16,-0.57,125.22,0.99,0.17,0.31,0.14,0.25,0.93,1.22,3.3
50,2,68.33,6,5,0.5,38.5,35.8,0.87,18.22,0.74,17.06,0.63,0.17,0.64,0.69,0.69,0.76,31.11,82.4,3.13,14.04,302.54,3.92,2.27,595.49,348.74,377.17,382.59,4.62,2.79,4.69,3.64,0.01,75.45,-0.04,68.62,-1.34,-1.45,-2.2,-2.27,0.44,0.51,0.12,0.18,-0.51,2.95,1.44,-1.37,9.56,75.15,0.05,0.43,0.55,-2.12,8.44,22.51,0.01,2.98,21.42,0.11,0.11,36.85,90.42,22.3,0.88,2.07,12.83,9.74,20.17,21.02,4.87,9.29,8.66,8.16,8.17,9.28,9.29,1.56,8.53,1.41,9.16,3666.31,619.3,-0.6,220.64,0.96,597.2,-0.58,126.05,1,0.21,0.34,0.19,0.21,0.93,0.57,3.05
51,2,61.33,5,5,0.54,37.2,33,0.86,16.47,0.62,12.5,0.57,0.15,0.61,0.64,0.64,0.74,29,66.8,3.19,14.25,322.45,3.78,2.29,598.97,304.13,327.74,353.45,5.03,2.49,4.68,3.61,-0.04,73.63,0.19,77,-1.46,-1.65,-2.02,-2.4,0.62,0.53,0.14,0.09,-0.55,2.95,1.24,-1.53,8.66,38.32,0.03,0.46,0.51,-2.15,7.9,16.99,0.01,2.03,22.38,0.11,0.08,39.19,81.19,19.12,0.65,2.09,13.07,8.51,17.96,19.32,3.58,9.07,8.68,8.23,8.25,9.08,9.07,1.66,8.54,1.48,9.14,4449.1,618.89,-0.6,212.46,0.97,600.5,-0.56,121.79,1,0.2,0.34,0.2,0.32,1.01,1.65,4.14
52,3,94,7,7,0.43,38.4,36.5,0.84,16.56,0.52,17.29,0.56,0.18,0.6,0.7,0.72,0.76,38.93,77.5,3.08,14.04,299.99,3.89,2.52,600.52,320.45,349.65,376.32,4.65,2.63,4.87,3.72,0.02,76.99,0.12,75.89,-1.34,-1.53,-2.13,-2.34,0.61,0.61,0.19,0.2,-0.37,3.14,1.37,-1.41,9.11,53.29,0.03,0.57,0.65,-2.01,8.24,20.22,0,2.23,20.66,0.1,0.15,37.26,89.77,25.37,0.88,2.09,13.17,9.15,18.93,20.12,3.96,9.54,8.72,8.15,8.13,9.54,9.54,1.63,8.62,1.45,9.09,3928.76,609.23,-0.62,203.63,0.97,597.7,-0.57,122.44,0.99,0.2,0.35,0.2,0.27,0.99,1.05,3.55
53,2,74.33,6,6,0.46,36.8,30.8,0.83,15.25,0.43,14.33,0.51,0.16,0.56,0.54,0.56,0.69,15.97,50.1,3.16,14.34,306.51,3.91,2.57,601.51,330.33,342.08,368.34,4.59,2.63,4.93,3.7,0.09,79.12,0.24,78.85,-1.32,-1.52,-2.08,-2.33,0.59,0.58,0.19,0.16,-0.39,3.16,1.42,-1.36,9.15,42.86,0.04,0.5,0.74,-1.93,8.77,26.21,0.01,2.1,23.17,0.12,0.14,38.26,87.92,23.64,0.66,2.11,13.36,9.29,21.43,23.11,4.57,9.74,9.08,8.22,8.23,9.77,9.74,1.57,8.72,1.4,9.14,3437.5,620.49,-0.59,212.33,0.96,598.45,-0.58,118.86,0.99,0.19,0.3,0.16,0.26,0.93,0.98,3.44
54,2,79.33,6,6,0.54,36.9,34.9,0.84,15.91,0.61,15.24,0.5,0.15,0.45,0.66,0.68,0.73,31.44,58.2,3.07,13.93,303.31,3.88,2.37,594.31,312,340.85,364.3,4.76,2.57,4.75,3.67,0.04,77.89,0.05,75.24,-1.44,-1.56,-2.21,-2.36,0.59,0.57,0.13,0.13,-0.41,3.06,1.34,-1.43,9.04,40.78,0.03,0.55,0.45,-2.2,7.99,18.2,0,2.25,18.16,0.09,0.09,38.03,83.34,17.25,0.9,2.1,13.02,8.34,21.52,22.6,3.73,9.42,8.56,8.1,8.11,9.44,9.42,1.74,8.5,1.53,8.92,3854.92,617.9,-0.6,203.46,0.96,599.29,-0.57,124.11,0.99,0.18,0.3,0.16,0.29,0.96,0.88,3.81
55,2,65.33,6,6,0.51,32.2,27.4,0.8,12.66,0.31,7.05,0.39,0.13,0.64,0.5,0.49,0.62,16.1,42.2,3.22,14.04,318.18,4.01,2.68,601.49,313.78,345.51,359.83,4.37,2.73,4.98,3.72,0.14,78.13,0.26,78.85,-1.26,-1.46,-1.97,-1.95,0.57,0.52,0.17,0.1,-0.38,3.21,1.49,-1.32,9.19,-3.6,0.04,0.49,0.64,-2.03,7.95,18.96,0,2.29,21.2,0.11,0.12,36.3,87.78,19.96,0.74,2.08,13.36,8.68,19.96,21.03,3.81,10.12,9.21,8.31,8.3,10.11,10.12,1.57,8.86,1.32,9.47,3456.53,611.77,-0.61,201.47,0.95,594.41,-0.59,117.76,1,0.17,0.29,0.2,0.27,1.07,1.21,3.6
56,3,83,6,6,0.54,38.3,34.9,0.87,19.19,0.85,24.74,0.65,0.15,0.67,0.69,0.69,0.77,37.91,67.3,3.1,14.19,309.51,3.8,2.59,597.87,294.16,321.53,359.8,4.95,2.4,4.84,3.67,0.07,80.66,0.18,78.7,-1.24,-1.48,-2.02,-2.26,0.63,0.61,0.21,0.17,-0.39,3.12,1.5,-1.29,9.47,57.16,0.05,0.6,0.7,-1.96,8.53,23.29,0,2.44,22.27,0.12,0.19,39.37,89.66,17.5,0.81,2.15,13.39,8.63,19.14,20.5,3.71,10.1,8.83,8.11,8.12,10.09,10.1,1.68,8.61,1.48,8.98,3499.09,622.36,-0.59,207.53,0.96,603.67,-0.55,123.56,0.99,0.14,0.25,0.14,0.3,1.01,1.57,3.77
57,3,85.67,6,6,0.45,39.7,35.9,0.86,18.08,0.67,20,0.64,0.17,0.69,0.68,0.68,0.76,27.79,80.9,3.14,13.99,312.7,3.87,2.65,596.06,318.83,341.97,363.71,4.7,2.57,4.88,3.67,0.06,78.14,0.21,78.44,-1.29,-1.47,-2.01,-2.22,0.58,0.55,0.18,0.17,-0.43,3.11,1.42,-1.36,9.16,47.21,0.04,0.5,0.71,-1.95,8.44,24.3,0,2.23,19.16,0.09,0.15,38.58,82.5,21.97,0.76,2.13,13.27,9.08,21.4,22.87,4.1,9.83,9.15,8.2,8.2,9.86,9.83,1.64,8.66,1.44,9.17,3704.1,619.27,-0.59,208.08,0.96,601.23,-0.57,127.61,1,0.16,0.27,0.16,0.29,1,1.28,3.67
58,1,58.67,5,5,0.49,38.2,33.9,0.85,16.98,0.51,11.76,0.55,0.13,0.63,0.65,0.66,0.75,31.57,83.3,3.17,14.14,304.69,4.02,2.62,599.86,319.45,342.53,369.47,4.59,2.54,5,3.77,0.15,80.16,0.25,79.6,-1.4,-1.53,-2.1,-2.34,0.69,0.66,0.2,0.19,-0.32,3.27,1.42,-1.37,9.1,46.1,0.03,0.65,0.57,-2.09,8.17,19.49,0,2.11,13.76,0.09,0.19,36.54,88.72,20.2,0.77,2.1,13.51,9.6,22.29,23.5,4.48,9.76,8.81,8.2,8.2,9.77,9.76,1.62,8.72,1.39,9.16,3608.43,608.08,-0.63,204.77,0.97,591.6,-0.6,120.18,1,0.2,0.34,0.19,0.25,1.04,0.64,3.51
59,1,58.33,5,4,0.56,35.7,33.1,0.85,15.92,0.37,6.28,0.53,0.11,0.62,0.66,0.65,0.72,29.31,63,3.15,14.01,312.17,3.9,2.49,598.81,330.97,357,359.93,4.61,2.58,4.76,3.68,0.11,79.34,0.12,75.27,-1.5,-1.55,-2.18,-2.43,0.52,0.55,0.12,0.14,-0.43,3.08,1.25,-1.51,8.72,35.09,0.04,0.5,0.51,-2.15,8.02,15.18,0,2.25,15.16,0.13,0.1,37.66,86.41,26.24,0.73,2.12,13.18,9.17,21.77,22.98,4.56,8.76,8.38,8.01,8.01,8.76,8.76,1.62,8.52,1.46,9.06,3786.14,612.18,-0.62,210.16,0.97,603.05,-0.55,128.68,0.99,0.2,0.35,0.18,0.27,1.01,1.1,3.38
60,1,54.67,5,5,0.54,33.9,32.8,0.82,14.3,0.57,11.43,0.41,0.11,0.39,0.63,0.64,0.71,27.57,50.9,3.02,14.29,293.57,3.85,2.47,600.62,328.51,355.32,387.16,4.55,2.74,4.85,3.71,-0.05,79.18,0.1,78.48,-1.36,-1.65,-2.1,-2.41,0.59,0.6,0.18,0.17,-0.41,3.04,1.43,-1.34,9.41,56.51,0.04,0.55,0.6,-2.06,8.37,21.67,0,2.51,22.59,0.11,0.16,35.5,85.94,21.85,0.76,2.1,13.19,9.31,22.13,23.69,4.87,9.84,8.99,7.97,7.98,9.86,9.84,1.64,8.64,1.41,9.1,3603.42,617.97,-0.6,206.08,0.96,599.77,-0.57,124.01,0.99,0.16,0.27,0.14,0.24,1,1,2.98
61,3,88.33,7,7,0.5,37.6,32.8,0.84,16.68,0.56,13.89,0.52,0.11,0.58,0.66,0.66,0.77,34.4,78.6,2.99,14.05,275.95,3.8,2.49,599.06,335.19,362.83,390.55,4.57,2.68,4.91,3.73,-0.02,76.68,0.11,76.78,-1.36,-1.56,-1.97,-2.29,0.59,0.58,0.16,0.16,-0.4,3.07,1.36,-1.43,9.29,60.52,0.05,0.52,0.7,-1.98,8.64,25.4,0.01,2.4,23.77,0.13,0.14,35.25,81.78,25.61,0.83,2.06,13.05,8.91,23.22,24.93,4.42,10.06,8.96,8.01,8.02,10.09,10.06,1.65,8.67,1.39,9.13,3310.75,616.67,-0.6,198.9,0.96,597.79,-0.59,120.92,0.99,0.16,0.28,0.17,0.25,1.01,1.11,3.16
62,2,77.33,6,6,0.52,38.1,33.9,0.85,16.91,0.8,25.6,0.6,0.21,0.52,0.65,0.65,0.73,25.89,59.8,3.09,14.42,293.99,3.88,2.57,602.5,322.96,350.77,384.24,4.68,2.65,4.99,3.76,0.06,79.74,0.21,79.31,-1.34,-1.55,-2.04,-2.51,0.64,0.62,0.17,0.15,-0.33,3.18,1.42,-1.36,9.19,51.54,0.03,0.58,0.62,-2.04,8.11,20.06,0,2.35,20,0.1,0.16,35.98,86.62,22.25,0.69,2.11,13.36,9.02,22.47,24.05,4.35,9.83,8.74,8.13,8.13,9.84,9.83,1.63,8.68,1.47,9.16,3244.48,610.78,-0.62,199.65,0.97,593.76,-0.59,120.75,1,0.16,0.27,0.15,0.23,0.9,0.86,2.99
63,3,84.33,7,6,0.55,38.8,35.5,0.84,16.15,0.48,16.78,0.49,0.14,0.46,0.66,0.66,0.76,40.24,67.7,3.1,13.8,298.72,3.69,2.45,603.46,326.21,348.88,374.88,4.7,2.69,4.82,3.63,-0.03,74.38,0.22,76.97,-1.14,-1.5,-2.01,-2.28,0.59,0.5,0.24,0.14,-0.51,3.02,1.46,-1.36,9.17,27.76,0.04,0.45,0.74,-1.93,8.51,22.24,0,2.45,10.13,0.1,0.14,37.35,90.11,16.32,0.79,2.06,13.06,7.38,16.5,17.58,3.29,10.44,9.51,8.52,8.51,10.46,10.44,1.72,8.64,1.51,9.13,4300.97,627.25,-0.56,209.85,0.96,603.48,-0.54,123.64,0.99,0.2,0.34,0.19,0.27,0.93,1.16,3.58
64,3,85.33,7,7,0.5,38.2,34.6,0.86,17.69,0.75,22.5,0.6,0.19,0.54,0.68,0.68,0.74,38.19,59.2,2.97,13.86,287.6,3.71,2.48,600.92,312.22,338.41,375.73,4.89,2.53,4.8,3.64,-0.11,74.17,0.14,77.73,-1.32,-1.55,-2.14,-2.48,0.58,0.52,0.18,0.17,-0.52,2.93,1.45,-1.33,9.4,59.27,0.04,0.49,0.62,-2.04,8.09,21.19,0,2.29,21.94,0.09,0.14,36.95,87.15,21.04,0.7,2.07,13.07,8.92,20.67,22.3,4.23,9.89,8.79,8.08,8.06,9.9,9.89,1.68,8.6,1.46,9.02,3738.3,622.84,-0.59,209.39,0.96,601.65,-0.58,128.64,0.99,0.16,0.28,0.16,0.3,1.03,1.6,3.89
65,3,80,6,6,0.5,37.7,36.1,0.86,17.37,0.62,17.42,0.59,0.19,0.6,0.68,0.69,0.74,39.9,68.1,3.08,14.02,309.99,3.79,2.38,599.61,319.07,351.15,375.46,4.67,2.72,4.71,3.64,-0.04,76.51,0.09,76.5,-1.48,-1.6,-2,-2.29,0.58,0.54,0.12,0.13,-0.48,2.97,1.24,-1.5,8.74,24.47,0.03,0.49,0.61,-2.07,8.51,27.44,0,2.72,27.26,0.11,0.1,36.42,86.41,23.93,0.86,2.1,13.01,10.19,22.99,24.67,4.75,9.31,8.72,8.21,8.21,9.33,9.31,1.56,8.7,1.36,9.19,3869.31,621.46,-0.6,217.83,0.96,601.21,-0.56,124.28,0.99,0.17,0.29,0.15,0.24,0.91,1.18,3.18
66,3,90.33,7,7,0.49,39.9,34.7,0.86,18.13,0.59,17.16,0.59,0.14,0.65,0.67,0.67,0.75,29.74,70.7,3.24,14.14,334.72,4.01,2.6,602.05,297.36,325.41,359.02,4.48,2.57,4.93,3.73,0.19,81.51,0.25,80.4,-1.23,-1.4,-2.07,-2.34,0.66,0.65,0.25,0.24,-0.35,3.23,1.47,-1.31,9.19,26.63,0.04,0.6,0.65,-2.01,8.22,15.43,0.01,2.18,14.88,0.1,0.22,36.55,85.31,22.9,0.78,2.15,13.5,10.31,21.49,22.79,4.68,9.66,8.91,8.29,8.29,9.65,9.66,1.54,8.79,1.39,9.37,3635.62,606.1,-0.63,201.29,0.96,591.27,-0.6,118.97,0.99,0.18,0.28,0.18,0.23,0.95,0.9,2.94
67,2,67,6,5,0.5,36.8,31,0.85,16.4,0.75,15.75,0.62,0.14,0.6,0.64,0.64,0.72,26.06,55.2,2.97,13.85,274.74,3.86,2.25,591.7,324.77,360.9,376.25,4.69,2.7,4.69,3.65,-0.08,73.82,-0.1,71.18,-1.61,-1.7,-2.16,-2.32,0.52,0.52,0.09,0.08,-0.49,2.91,1.1,-1.63,8.77,35.7,0.03,0.42,0.52,-2.13,7.98,15.17,0,2.27,15.49,0.09,0.09,37.48,84.75,21.25,0.75,2.05,12.71,9.29,22.03,23.41,4.34,9.14,8.44,8.1,8.08,9.11,9.14,1.67,8.51,1.46,8.92,3616.08,618.39,-0.59,212.02,0.97,599.98,-0.58,129.51,1,0.2,0.36,0.2,0.31,0.97,1.25,4.13
68,2,77,6,6,0.48,35.8,34.1,0.83,14.83,0.56,10.62,0.54,0.11,0.56,0.65,0.64,0.7,33.14,54.6,3.11,14.19,290.83,3.94,2.47,600.16,326.83,358.5,389.77,4.78,2.66,4.81,3.71,0,75.59,0.09,73,-1.42,-1.57,-2.14,-2.43,0.56,0.6,0.14,0.16,-0.41,3.1,1.3,-1.48,9.02,36.36,0.03,0.54,0.51,-2.15,8.1,15.4,0,2.69,18.14,0.07,0.14,38.93,93.74,23.89,0.88,2.07,13.08,8.14,19.27,20.46,3.5,9.03,8.53,7.93,7.94,9.02,9.03,1.66,8.52,1.48,8.92,3928.9,622.58,-0.6,222.22,0.96,597.96,-0.57,131.45,0.99,0.19,0.35,0.17,0.24,0.95,0.66,3.23
69,2,61,5,5,0.48,36.2,29,0.84,15.74,0.51,12.76,0.56,0.17,0.58,0.58,0.62,0.7,22.56,54.8,3.1,14.04,303.54,3.85,2.56,597.03,314,339.06,368.46,4.7,2.6,4.9,3.69,0.05,77.71,0.16,76.91,-1.29,-1.52,-2,-2.28,0.62,0.61,0.21,0.19,-0.39,3.15,1.42,-1.38,9.25,53.03,0.04,0.56,0.74,-1.94,8.7,28.9,0.01,2.2,26.89,0.12,0.19,38.44,86.04,19.66,0.69,2.1,13.26,9.63,22.42,24.12,4.19,9.45,8.83,8.2,8.19,9.48,9.45,1.59,8.6,1.43,9.03,3584.78,611.6,-0.62,204.22,0.96,600.02,-0.58,126.09,0.99,0.16,0.27,0.15,0.25,0.94,1.09,3.14
70,2,65.67,6,5,0.49,39.3,33.8,0.87,19.14,0.71,24.08,0.64,0.2,0.7,0.66,0.66,0.77,30.9,73,3.07,14.02,294.63,3.97,2.67,603.8,339.96,358.15,389.68,4.12,2.74,5.05,3.76,0.02,77.56,0.23,79.35,-1.26,-1.56,-2,-2.27,0.65,0.57,0.25,0.17,-0.36,3.19,1.48,-1.32,9.04,27.87,0.03,0.58,0.79,-1.88,8.26,20.56,0,2.01,20.03,0.09,0.21,34.56,87.6,25.1,0.79,2.04,13.39,10.5,23.37,24.74,5.04,10.03,9.16,8.21,8.2,10.04,10.03,1.54,8.89,1.26,9.35,3534.65,611.5,-0.62,200.35,0.96,591.42,-0.61,116.26,1,0.19,0.35,0.19,0.19,0.91,0.62,2.38
71,2,63,5,5,0.56,37.7,33.4,0.85,16.8,0.55,14.88,0.5,0.14,0.46,0.64,0.64,0.74,27.75,57.1,3.21,14.25,314.16,3.89,2.52,593.85,344.42,365.98,374.67,4.46,2.69,4.8,3.71,0.09,78.9,0.05,75.88,-1.53,-1.47,-2.16,-2.34,0.58,0.58,0.1,0.15,-0.43,3.07,1.26,-1.49,8.71,33.37,0.03,0.55,0.43,-2.22,7.95,18.05,0.01,2.4,16.37,0.11,0.08,39.45,90.93,37.39,0.79,2.11,13.15,10.41,22.02,23.45,5.01,9.13,8.6,8.12,8.13,9.13,9.13,1.51,8.69,1.39,9.19,3484.04,608.49,-0.64,211.41,0.96,605.86,-0.55,125.24,1,0.19,0.3,0.14,0.21,0.92,0.31,2.7
72,2,69.33,6,6,0.51,37,33.5,0.85,17.24,0.47,12.57,0.56,0.12,0.71,0.69,0.68,0.75,37.31,68.5,3.08,14.22,275.43,3.92,2.66,606.36,344.93,369.42,402.54,4.2,2.89,5.02,3.72,0.01,75.3,0.27,79.54,-1.08,-1.44,-1.68,-2.17,0.59,0.52,0.25,0.21,-0.39,3.16,1.5,-1.3,9.61,28.75,0.06,0.45,0.83,-1.86,9.01,31.18,0.01,2.12,28.8,0.12,0.13,35.56,81.64,20.06,0.53,2.01,13.23,9.91,26.79,28.79,4.69,9.63,8.94,8.07,8.08,9.67,9.63,1.57,8.83,1.28,9.23,3223.28,610.06,-0.62,200.31,0.97,594.14,-0.61,108.34,0.99,0.16,0.27,0.14,0.28,1.07,1.19,3.67
73,2,63,6,5,0.51,36.8,35.8,0.83,15.62,0.54,17.36,0.53,0.16,0.52,0.69,0.7,0.73,42.03,55,3.17,14.01,311.98,3.96,2.48,599.65,304.85,334.82,358.62,4.95,2.51,4.85,3.69,0.16,79.27,0.14,75.14,-1.36,-1.38,-1.96,-2.29,0.63,0.64,0.16,0.22,-0.39,3.17,1.45,-1.35,9.17,54.99,0.04,0.58,0.63,-2.03,8.04,23.72,0.01,2.16,23.65,0.09,0.15,39.52,85.35,27.28,0.85,2.12,13.36,8.58,17.13,18.24,3.5,9.42,8.55,8.04,8.03,9.42,9.42,1.66,8.55,1.52,9.06,3979.77,618.89,-0.6,217.79,0.96,598.63,-0.57,128.82,0.99,0.17,0.29,0.17,0.31,1.01,1.54,4
74,2,79.33,6,6,0.48,40.6,35.7,0.84,15.81,0.58,21.39,0.54,0.19,0.55,0.66,0.67,0.77,31.63,70.7,3.18,14.29,318.03,3.96,2.61,601.44,308.67,334.48,371.87,4.68,2.53,4.88,3.69,0.12,79.15,0.22,78.23,-1.32,-1.53,-2.04,-2.3,0.63,0.61,0.2,0.17,-0.38,3.15,1.38,-1.4,9.08,48.08,0.03,0.57,0.58,-2.08,8,17.86,0,2.26,21.3,0.11,0.17,37.39,86.8,19.79,0.88,2.1,13.37,8.26,18.34,19.38,3.42,10.04,8.99,8.26,8.24,10.06,10.04,1.7,8.61,1.51,9.13,4063.47,619.97,-0.59,206.9,0.96,601.72,-0.56,127.34,0.99,0.2,0.33,0.19,0.3,0.98,1.24,3.85
75,2,62.33,5,5,0.48,39.5,34,0.85,16.81,0.49,13.25,0.55,0.14,0.6,0.67,0.66,0.76,31.05,63.1,3.19,14.42,315.99,3.9,2.62,601.22,310.65,336.67,372.5,4.68,2.45,4.88,3.72,0.07,79.76,0.22,80.02,-1.41,-1.52,-1.95,-2.25,0.64,0.57,0.18,0.16,-0.4,3.11,1.31,-1.45,8.8,49.52,0.03,0.54,0.67,-1.99,8.63,21.76,0,2.38,23.1,0.1,0.13,37.3,88.27,24.66,0.76,2.12,13.31,9.06,21.45,22.78,4.4,10.16,8.98,8.16,8.16,10.14,10.16,1.64,8.58,1.44,9.09,3675.55,612.76,-0.61,197.45,0.96,595.15,-0.59,122.39,1,0.18,0.29,0.17,0.26,1,1.13,3.48
76,2,78.67,6,6,0.46,35.7,33.1,0.83,15.76,0.51,15.75,0.51,0.16,0.59,0.62,0.63,0.72,25.9,53.3,3.01,14.13,282.76,3.86,2.48,603.34,331.58,353.36,382.96,4.08,2.78,4.98,3.77,0.02,77.66,0.18,78.82,-1.44,-1.69,-2.26,-2.54,0.68,0.67,0.2,0.16,-0.34,3.16,1.33,-1.42,9.12,33.29,0.04,0.58,0.5,-2.16,8.63,17.73,0,2.35,14.72,0.11,0.12,35.87,88.11,28.7,0.72,2.06,13.24,9.55,23.51,25.31,4.64,10.12,9.23,8.05,8.08,10.13,10.12,1.59,8.8,1.36,9.22,3033.67,620.73,-0.59,207.07,0.95,598.8,-0.58,117.57,1,0.19,0.31,0.16,0.2,0.89,0.28,2.35
77,3,84.33,7,6,0.47,39.1,35,0.85,16.6,0.66,13.78,0.59,0.15,0.6,0.66,0.66,0.75,35.2,78.4,3.08,13.82,299.69,3.82,2.33,597.49,329.96,358.02,353.32,4.64,2.68,4.7,3.66,0.03,76.78,-0.03,71.1,-1.48,-1.45,-2.18,-2.27,0.53,0.56,0.14,0.2,-0.5,2.96,1.29,-1.48,9.2,56.59,0.05,0.51,0.6,-2.08,8.65,24.92,0.01,2.88,23.77,0.14,0.15,39.03,89.7,34.16,0.73,2.11,12.95,9.99,19.28,20.42,4.66,8.79,8.54,8.09,8.08,8.79,8.79,1.6,8.51,1.49,9.15,3812.06,611.15,-0.62,210.36,0.96,600.2,-0.56,125.41,0.99,0.17,0.29,0.18,0.25,0.95,0.97,3.2
78,2,66.33,5,5,0.5,36.6,31,0.83,15.43,0.55,14.88,0.51,0.15,0.57,0.63,0.64,0.71,33.09,52.1,3.1,14.45,312.03,3.73,2.37,602.96,296.51,335.36,370.41,4.65,2.43,4.84,3.7,-0.08,75.21,0.29,82.13,-1.44,-1.64,-2.25,-2.44,0.66,0.51,0.16,0.11,-0.45,3.02,1.28,-1.47,8.56,31.06,0.02,0.46,0.54,-2.11,7.8,17.13,0,1.9,14.55,0.09,0.11,37.69,84.85,22.57,0.62,2.06,13.03,9.88,23.39,25.01,4.68,9.44,8.85,8.19,8.18,9.36,9.44,1.57,8.59,1.33,9.15,4543.91,609.92,-0.62,191.13,0.97,595.56,-0.58,119.03,0.99,0.19,0.31,0.17,0.24,0.91,1.03,3.21
79,2,71,6,5,0.5,38.4,36.2,0.85,17.17,0.59,13.08,0.53,0.11,0.52,0.69,0.7,0.76,35.1,66.3,3.16,14.46,326.57,3.93,2.45,598.29,312.21,343.66,378.06,4.76,2.64,4.81,3.74,0.12,83.17,0.11,78.93,-1.48,-1.48,-2.03,-2.36,0.62,0.61,0.12,0.16,-0.33,3.15,1.39,-1.38,9.19,33.41,0.03,0.61,0.5,-2.16,7.81,17.15,0,2.33,19.9,0.09,0.13,36.69,87.95,22.78,0.7,2.16,13.21,9.31,22.08,23.68,4.38,9.76,8.83,7.99,7.98,9.65,9.76,1.67,8.59,1.44,9.07,3896.55,619.04,-0.59,208.11,0.97,603.39,-0.55,128.23,0.99,0.17,0.29,0.17,0.29,1.1,1.57,3.76
80,2,63.67,5,5,0.5,40,34.7,0.86,17.75,0.56,10.12,0.59,0.12,0.67,0.65,0.67,0.76,29.26,100.2,3.06,13.72,292.49,3.82,2.46,597.92,337.18,355.25,369.91,4.68,2.74,4.81,3.65,-0.04,74.37,0.07,75.15,-1.32,-1.5,-2.02,-2.3,0.6,0.58,0.21,0.22,-0.48,3.02,1.34,-1.44,9.2,52.42,0.04,0.53,0.76,-1.9,8.74,23.23,0,2.3,23.97,0.08,0.19,37.41,87.98,16.81,0.79,2.06,13.14,9.32,20.8,21.81,4.69,10.24,9.23,8.28,8.27,10.24,10.24,1.6,8.77,1.4,9.2,3745.08,622.35,-0.57,208.94,0.95,598.45,-0.57,129.1,1,0.19,0.32,0.16,0.23,0.92,0.48,3.09
81,2,70,5,6,0.48,38.8,34.9,0.86,18.03,0.71,15.61,0.66,0.16,0.76,0.71,0.72,0.76,43.1,69.1,2.97,14.05,263.27,3.91,2.52,599.3,319.79,346.11,386.64,4.74,2.7,4.79,3.67,-0.08,74.31,-0.02,70.35,-1.39,-1.66,-2.02,-2.36,0.48,0.49,0.16,0.15,-0.42,3.08,1.26,-1.51,8.72,41.88,0.03,0.46,0.66,-2.01,8.42,21.02,0,2.32,21.78,0.09,0.14,38.64,89.41,15.96,0.73,2.05,12.95,9.05,20.93,22.67,3.84,9.28,8.47,7.92,7.91,9.26,9.28,1.63,8.54,1.39,8.96,3599.9,613.69,-0.61,206.69,0.97,596.22,-0.57,122.35,0.99,0.21,0.35,0.18,0.24,0.93,0.62,3.29
82,2,71.33,6,6,0.48,40.7,33.7,0.84,16.09,0.48,9.52,0.52,0.13,0.59,0.67,0.66,0.78,33.11,73.4,3.11,13.78,308.25,3.79,2.46,596.65,322.21,346,369.93,4.52,2.74,4.78,3.62,-0.04,75.48,0.04,73.72,-1.29,-1.46,-2.15,-2.34,0.58,0.59,0.18,0.16,-0.49,3.02,1.44,-1.36,9.37,67.53,0.04,0.54,0.66,-1.99,8.79,23.63,0.01,2.55,19.65,0.14,0.16,38.4,84.82,22.4,0.91,2.07,13.19,8.84,20.64,21.98,4.44,9.58,9.03,8.22,8.22,9.57,9.58,1.54,8.72,1.35,9.19,3763.54,623.46,-0.57,215.29,0.94,604.77,-0.54,123.93,0.99,0.24,0.38,0.21,0.24,0.97,0.61,2.99
83,2,77,6,6,0.41,35.8,30.8,0.8,13.39,0.36,9.59,0.46,0.12,0.61,0.59,0.58,0.71,21.21,50.7,3.28,14.35,335.11,3.95,2.49,598.67,314.82,338.19,360.98,4.6,2.6,4.9,3.71,0.17,80.8,0.24,79.11,-1.33,-1.35,-2.16,-2.31,0.62,0.59,0.17,0.2,-0.41,3.15,1.52,-1.29,9.34,49.25,0.04,0.58,0.65,-2.03,8.47,27.73,0.01,2.18,24.19,0.15,0.13,38.16,86.6,20.71,0.7,2.13,13.38,9.53,21.01,22.5,4.13,9.6,8.88,8.31,8.32,9.61,9.6,1.56,8.76,1.4,9.27,4156.74,613.73,-0.62,212.05,0.96,598.44,-0.57,120.65,0.99,0.17,0.29,0.15,0.23,0.9,0.79,3.13
84,2,75.33,6,6,0.51,38.6,35.1,0.87,19.95,0.84,22.78,0.72,0.16,0.71,0.68,0.7,0.76,34.72,66,3.09,14.12,305.88,3.74,2.46,599.54,318.28,339.32,366.23,4.81,2.53,4.88,3.67,-0.02,76.79,0.27,79.83,-1.29,-1.5,-2.06,-2.33,0.65,0.55,0.22,0.17,-0.44,3.08,1.43,-1.36,9.15,54.29,0.04,0.56,0.65,-2.01,8.38,17.65,0,2.15,19.52,0.1,0.16,35.89,87.96,19.16,0.67,2.08,13.23,8.51,19.41,20.63,3.86,10.24,9.1,8.3,8.3,10.24,10.24,1.67,8.64,1.45,9.19,4261.04,615.1,-0.6,207.83,0.97,598.45,-0.58,124.02,0.99,0.17,0.29,0.16,0.26,0.98,1.04,3.35
85,2,68,6,6,0.5,37.5,34.3,0.88,19.11,0.71,12.04,0.72,0.16,0.73,0.66,0.67,0.73,28.15,56.3,3.09,13.84,306.98,3.9,2.63,599.66,298.14,338.24,375.35,4.93,2.31,4.91,3.69,0.08,78.14,0.19,78.15,-1.3,-1.45,-2.09,-2.35,0.59,0.56,0.2,0.16,-0.42,3.11,1.55,-1.25,9.28,36.96,0.03,0.53,0.76,-1.9,8.1,3.54,0,1.84,14.13,0.1,0.18,37.96,86.71,31.59,0.8,2.1,13.43,9.64,19.73,21.22,4.61,9.55,8.77,8.11,8.12,9.55,9.55,1.59,8.67,1.42,9.09,4068.54,615.03,-0.6,204.72,0.97,587.96,-0.62,124.35,1,0.17,0.27,0.16,0.28,0.96,1.06,3.53
86,1,48,4,4,0.57,38.9,36.3,0.88,19.7,0.7,9.8,0.64,0.12,0.69,0.72,0.71,0.76,41.75,74.2,3.29,14.33,322.37,4.02,2.67,600.21,306.25,333.97,363.38,4.65,2.51,5,3.71,0.18,78.39,0.33,80.24,-1.21,-1.43,-1.97,-2.27,0.66,0.62,0.28,0.23,-0.4,3.21,1.54,-1.29,9.39,45.43,0.05,0.57,0.79,-1.88,8.64,24.47,0.01,2.14,14.4,0.13,0.22,40.35,82.19,21.98,0.77,2.09,13.6,9.02,20.78,22.25,3.83,9.72,8.97,8.38,8.4,9.76,9.72,1.61,8.7,1.45,9.2,4014.83,615.02,-0.61,207,0.97,599,-0.58,130.3,0.99,0.18,0.32,0.18,0.23,0.9,0.7,2.99
87,2,63.33,6,5,0.53,40,36.4,0.86,18.14,0.6,15.72,0.58,0.14,0.65,0.69,0.69,0.8,38.82,90.6,3.28,14.21,333.43,4,2.65,602.21,322.6,345.45,366.11,4.43,2.63,4.96,3.71,0.22,80.6,0.21,78.08,-1.32,-1.31,-2.07,-2.19,0.68,0.69,0.26,0.27,-0.36,3.24,1.59,-1.24,9.61,56.63,0.04,0.62,0.78,-1.9,8.48,22.86,0,2.2,26.27,0.1,0.23,36.98,81.86,24.75,0.78,2.13,13.4,10.27,21.06,22.32,4.7,9.54,8.89,8.4,8.41,9.53,9.54,1.52,8.76,1.38,9.39,3788.52,619.61,-0.6,215.82,0.96,602.42,-0.56,135.03,0.99,0.17,0.29,0.16,0.23,0.93,1.01,3.07
88,3,90.67,7,7,0.5,40.3,38.1,0.85,18.09,0.61,18.37,0.57,0.14,0.54,0.75,0.76,0.79,59.25,95.6,3.05,14.1,302.89,3.87,2.5,599.61,308.23,350.69,385.69,4.84,2.46,4.88,3.72,0,78.67,0.13,77.41,-1.37,-1.55,-1.96,-2.12,0.57,0.57,0.16,0.14,-0.4,3.09,1.39,-1.37,8.99,47.48,0.04,0.53,0.69,-1.98,8.43,23.66,0,2.31,23.51,0.12,0.15,40.65,82.23,34.55,0.7,2.12,13.29,9.77,21.6,23.71,4.43,9.34,8.46,8.06,8.06,9.36,9.34,1.62,8.6,1.44,9.04,3604.05,610.12,-0.62,202.21,0.98,595.28,-0.59,121.48,0.99,0.16,0.28,0.14,0.25,0.94,1.21,3.17
89,2,74.33,6,6,0.47,37.8,35.9,0.85,16.68,0.63,15.16,0.58,0.16,0.59,0.68,0.66,0.73,28.75,60.6,3.18,14.04,312.15,3.88,2.62,596.71,317.08,339.5,368.91,4.76,2.62,4.91,3.7,0.1,78.9,0.17,77.25,-1.3,-1.48,-1.9,-2.3,0.64,0.63,0.19,0.2,-0.38,3.19,1.47,-1.33,9.27,50.36,0.04,0.59,0.76,-1.91,8.51,28.69,0,2.2,28.43,0.11,0.18,37.51,85.07,19.38,0.83,2.12,13.35,8.62,19.43,20.74,3.9,9.89,9.09,8.13,8.14,9.92,9.89,1.64,8.65,1.46,9.1,3652.31,618.31,-0.6,211.98,0.96,597.56,-0.58,126.58,0.99,0.18,0.31,0.15,0.3,1.01,1.38,3.9
90,2,63.67,5,5,0.51,33.8,31.1,0.82,14.58,0.55,11.61,0.45,0.11,0.43,0.59,0.6,0.68,21.7,42.4,3.08,14.04,299.73,3.75,2.43,599.66,322.15,339.06,370.95,4.6,2.62,4.74,3.62,-0.1,72.94,0.24,78.55,-1.33,-1.41,-2.04,-2.37,0.62,0.48,0.14,0.13,-0.53,2.93,1.38,-1.4,9.16,54.26,0.03,0.43,0.49,-2.16,8.16,20.43,0,2.21,17.97,0.06,0.08,37.68,90.46,23.34,0.59,2.05,13.08,8.45,18.68,20.06,3.66,9.67,8.74,8.19,8.18,9.63,9.67,1.66,8.6,1.5,9.05,4398.67,615.15,-0.61,205.93,0.96,599.36,-0.57,126.98,1,0.2,0.33,0.18,0.26,0.97,1.2,3.4
91,3,89,7,7,0.45,34.7,33.7,0.81,14.37,0.54,16.86,0.46,0.14,0.47,0.61,0.62,0.68,24.3,51.3,3.14,14.36,321.47,3.87,2.66,599.03,319.69,340.61,375.53,4.66,2.44,4.94,3.75,0.1,81.84,0.25,81.25,-1.28,-1.53,-2.12,-2.35,0.71,0.69,0.27,0.23,-0.33,3.21,1.5,-1.28,9.66,61.73,0.05,0.65,0.61,-2.04,8.39,19.73,0,2.5,20.7,0.12,0.22,38.01,88.26,21.92,0.82,2.15,13.45,8.78,19.84,21.14,4.07,9.93,9.08,8.14,8.13,9.91,9.93,1.65,8.65,1.42,9.1,3644.07,612.64,-0.61,202.77,0.96,596.23,-0.58,120.61,1,0.17,0.28,0.14,0.25,1.01,0.88,3.21
92,1,52.33,4,4,0.51,36.6,33.4,0.85,16.14,0.73,11.64,0.55,0.1,0.54,0.66,0.67,0.7,27.56,48,3.22,14.05,317.68,3.93,2.46,601.16,332.88,355.33,365.77,4.5,2.68,4.83,3.66,0.12,77.42,0.15,75.12,-1.36,-1.32,-2.22,-2.31,0.58,0.58,0.17,0.25,-0.47,3.08,1.43,-1.37,9.17,54.27,0.04,0.53,0.55,-2.12,8.19,19.65,0,2.49,21.74,0.1,0.15,39.18,90.34,20.36,0.86,2.1,13.16,9.86,21.61,23.08,4.55,9.12,8.64,8.16,8.16,9.14,9.12,1.54,8.65,1.4,9.12,4000.71,609.07,-0.62,202.61,0.96,599.43,-0.57,124.9,0.99,0.18,0.29,0.16,0.23,0.94,0.87,2.88
93,2,62.33,5,5,0.47,37.8,33.1,0.85,16.39,0.43,7.71,0.57,0.11,0.64,0.63,0.64,0.75,23.93,74.8,3.11,14.34,308.97,3.95,2.53,598.48,333.35,357.21,377.56,4.54,2.69,4.92,3.77,0.1,81.4,0.19,79.46,-1.48,-1.62,-2.19,-2.49,0.61,0.6,0.16,0.16,-0.31,3.2,1.34,-1.42,8.91,40.88,0.03,0.6,0.53,-2.12,8.03,15.68,0,2.16,16.83,0.09,0.15,37.56,78.77,22.61,0.67,2.11,13.3,10,23.5,25.16,4.49,9.31,8.48,8.08,8.1,9.31,9.31,1.61,8.69,1.36,9.21,3396.68,613.68,-0.61,213.33,0.97,596.97,-0.58,123.63,1,0.16,0.28,0.15,0.25,1.01,0.98,3.16
94,3,83.33,6,6,0.47,39.8,34.9,0.84,16.91,0.61,18.37,0.56,0.15,0.51,0.69,0.7,0.77,39.8,73.1,3.2,14.11,319.48,3.92,2.51,597.24,333.54,354.51,376.8,4.52,2.73,4.92,3.71,0.13,79.49,0.21,77.98,-1.32,-1.42,-2.21,-2.33,0.62,0.62,0.21,0.21,-0.4,3.16,1.44,-1.35,9.11,41.48,0.03,0.57,0.58,-2.09,7.96,14.63,0,2.23,17.52,0.07,0.19,36.99,86.11,21.31,0.69,2.11,13.31,10.38,21.7,23.15,5.19,9.62,8.93,8.3,8.3,9.61,9.62,1.55,8.75,1.42,9.19,3944.11,608.35,-0.62,201.47,0.96,598.12,-0.57,122.21,0.99,0.18,0.3,0.15,0.24,0.93,0.88,3.07
95,2,74.67,5,6,0.48,40.4,37.3,0.87,18.87,0.54,11.8,0.63,0.15,0.66,0.68,0.69,0.77,36.03,88.2,3.15,14.22,311.8,3.94,2.59,601.78,314.76,329.13,359.59,4.47,2.65,4.96,3.74,0.13,80.63,0.26,80.54,-1.31,-1.47,-2.02,-2.36,0.7,0.66,0.24,0.23,-0.36,3.18,1.4,-1.38,9.24,56.71,0.04,0.62,0.64,-2.02,8.36,19.89,0,2.27,18.74,0.11,0.21,36,88.7,23.57,0.68,2.11,13.43,9.63,21.78,23.19,4.46,9.75,9.08,8.09,8.09,9.74,9.75,1.57,8.78,1.36,9.17,3813.46,615.87,-0.6,207.35,0.96,596.25,-0.58,121.07,0.99,0.19,0.31,0.16,0.21,0.89,0.5,2.76
96,2,64.33,5,5,0.54,36.5,33.2,0.84,15.81,0.4,8.32,0.52,0.13,0.64,0.67,0.71,0.74,34.14,77.8,3.08,13.78,305.07,3.92,2.56,595.74,315.89,332.58,369.04,4.6,2.64,4.88,3.69,0.05,77.66,0.15,77.68,-1.36,-1.55,-2.1,-2.2,0.61,0.59,0.23,0.18,-0.45,3.07,1.39,-1.39,9.13,55.43,0.04,0.55,0.72,-1.94,8.36,23.41,0.01,2.36,19.28,0.13,0.18,38.06,87.58,19.2,0.74,2.1,13.31,8.71,20.78,22.23,3.96,9.46,8.69,8.05,8.05,9.44,9.46,1.63,8.57,1.42,9.1,3656.78,617.55,-0.6,209.14,0.96,598.74,-0.58,127.65,0.99,0.21,0.34,0.16,0.21,0.93,0.63,2.75
97,3,85,6,6,0.51,37.9,34.7,0.84,16.06,0.54,14.08,0.53,0.13,0.62,0.68,0.68,0.74,34.75,62.7,3.13,14.31,295.89,3.95,2.5,602.12,336.21,360.12,387.51,4.35,2.73,4.91,3.75,0.06,77.22,0.19,78.19,-1.44,-1.49,-2.11,-2.36,0.66,0.63,0.2,0.22,-0.39,3.11,1.35,-1.43,9.05,50.21,0.03,0.59,0.53,-2.14,8.01,19.13,0,2.54,20.07,0.08,0.14,35.82,90.78,23.59,0.78,2.06,13.21,9.54,22.15,23.49,4.41,9.77,8.85,8.12,8.12,9.73,9.77,1.6,8.69,1.38,9.14,3885.64,610.66,-0.62,206.1,0.97,594.45,-0.59,123.61,1,0.2,0.33,0.19,0.22,0.94,0.46,2.93
98,3,84.67,6,6,0.56,38,34.3,0.85,16.92,0.77,25.33,0.52,0.15,0.44,0.63,0.64,0.73,26.59,62.8,3.13,14.04,298.65,3.9,2.35,600.88,327.47,354.8,367.85,4.66,2.67,4.73,3.65,0.03,75.54,0.05,72.31,-1.4,-1.48,-1.99,-2.2,0.52,0.53,0.14,0.15,-0.47,3.01,1.33,-1.45,8.93,40.68,0.04,0.46,0.83,-1.85,8.93,31.01,0.02,2.54,27.37,0.12,0.13,37.55,85.76,20.7,0.78,2.08,13.05,8.4,18.98,20.34,3.76,9.18,8.44,8.02,8.03,9.14,9.18,1.69,8.44,1.53,8.99,4119.41,613.55,-0.61,208.8,0.97,598.71,-0.58,129.03,1,0.18,0.32,0.18,0.24,0.92,0.53,3.09
99,2,77,6,6,0.55,35.5,32,0.83,14.98,0.51,13.25,0.49,0.14,0.48,0.59,0.62,0.71,23.48,50.4,3.16,14.16,294.44,3.97,2.49,594.15,323.61,362.41,378.49,4.75,2.54,4.87,3.73,0.08,76.7,0.24,78.21,-1.54,-1.54,-2.16,-2.45,0.65,0.56,0.12,0.15,-0.45,3.05,1.27,-1.49,8.73,7.96,0.03,0.55,0.36,-2.29,7.62,12.05,0,2.15,7.77,0.11,0.09,37.12,81.59,17.02,0.79,2.06,13.04,10.57,24.24,25.83,4.75,9.17,8.59,8.06,8.06,9.18,9.17,1.59,8.64,1.39,9,4065,610.72,-0.62,200.65,0.97,596.84,-0.57,123.06,1,0.17,0.28,0.16,0.23,0.91,0.64,2.78
100,3,86,6,6,0.49,37.1,34.2,0.85,16.89,0.57,16.98,0.59,0.15,0.76,0.66,0.66,0.73,28.05,63.8,3.08,13.92,306.07,3.85,2.36,595.89,311.9,340.69,373.15,4.89,2.41,4.74,3.64,-0.06,75.37,0.02,73.23,-1.28,-1.49,-2.02,-2.33,0.47,0.47,0.14,0.13,-0.5,3,1.37,-1.42,9.14,55.96,0.04,0.43,0.7,-1.96,8.12,21.47,0.01,2.18,24.43,0.11,0.12,37.98,86.39,19.6,0.68,2.1,13,9.13,19.47,20.57,3.77,9.25,8.56,8.12,8.14,9.27,9.25,1.68,8.56,1.52,9.07,4068.85,616.62,-0.6,207.33,0.96,601.36,-0.56,126.89,0.99,0.16,0.27,0.15,0.31,1.04,1.95,4.04
101,2,75.33,6,5,0.52,38.5,35.6,0.85,16.89,0.56,15.19,0.55,0.15,0.51,0.7,0.69,0.77,39.94,81.2,3.06,13.85,299.38,3.88,2.43,600.83,315.01,340.37,364.54,4.57,2.53,4.85,3.66,0.01,75.99,0.12,75.26,-1.24,-1.54,-1.79,-2.34,0.59,0.6,0.17,0.18,-0.48,3.03,1.45,-1.35,9.34,37.95,0.04,0.53,0.59,-2.08,8.28,19.39,0,2.23,23.6,0.11,0.14,37.09,85.44,22.58,0.72,2.09,13.27,8.94,20.35,21.87,3.97,9.7,8.85,8.3,8.33,9.67,9.7,1.6,8.79,1.4,9.25,3963.7,612,-0.61,202.43,0.96,600.45,-0.56,124.45,0.99,0.19,0.31,0.18,0.22,0.88,0.46,3.04
102,3,87,6,6,0.51,34.8,32.7,0.83,15.93,0.47,19.1,0.49,0.17,0.54,0.62,0.63,0.72,26.62,56,3.05,14.15,305.27,3.77,2.63,599.19,316.41,344.21,376.05,4.79,2.74,4.94,3.72,0.09,82.83,0.3,82.28,-1.21,-1.5,-2.1,-2.34,0.6,0.57,0.24,0.19,-0.4,3.11,1.49,-1.3,9.22,55.95,0.03,0.54,0.73,-1.93,8.41,23.58,0,2.24,22.47,0.1,0.19,34.79,84.69,20.02,0.7,2.14,13.42,9.18,23.04,25.06,4.35,9.64,8.82,8.27,8.25,9.64,9.64,1.63,8.65,1.4,9.18,3490.36,608.44,-0.63,190.22,0.97,595,-0.59,117.57,1,0.15,0.24,0.13,0.27,0.95,1.17,3.45
103,2,70.33,5,5,0.45,34.7,33,0.83,15,0.55,12.6,0.53,0.13,0.57,0.57,0.57,0.64,19.9,40.6,3.22,14.36,317.41,4.04,2.75,599.78,313.28,336.45,367.33,4.27,2.62,5.09,3.77,0.17,80.3,0.33,83.12,-1.22,-1.5,-2.1,-2.34,0.73,0.72,0.3,0.26,-0.32,3.27,1.61,-1.2,9.79,60.39,0.04,0.69,0.63,-2.03,8.43,17.68,0.01,2.51,18.33,0.12,0.26,35.75,86.66,20.45,0.68,2.09,13.52,10.07,23.64,25.15,4.73,9.85,9.1,8.2,8.19,9.82,9.85,1.62,8.79,1.4,9.25,3404.06,618.13,-0.59,203.05,0.96,596.37,-0.59,122.88,1,0.15,0.25,0.14,0.25,1,0.75,3.15
104,1,55,5,4,0.5,39.1,34.5,0.85,16.5,0.57,9.63,0.53,0.11,0.57,0.7,0.7,0.79,40.99,79,3.04,13.57,289.07,3.81,2.4,597.09,329.94,353.11,360.4,4.71,2.58,4.67,3.56,-0.01,73.35,-0.08,67.81,-1.2,-1.38,-2.01,-2.26,0.49,0.53,0.13,0.14,-0.58,2.93,1.36,-1.45,8.92,51.79,0.03,0.47,0.6,-2.06,7.74,19.93,0,2.16,19.19,0.11,0.11,38.5,89.43,18.45,1.01,2.06,12.97,9.02,17.76,18.78,4.04,9.71,8.83,8.21,8.21,9.71,9.71,1.59,8.61,1.42,9.16,3777.98,621.3,-0.58,211.97,0.95,601.53,-0.56,125.72,0.99,0.2,0.34,0.19,0.28,0.93,1.03,3.87
105,2,66.33,6,5,0.49,37.7,33.9,0.83,15.4,0.61,16.57,0.54,0.15,0.57,0.59,0.6,0.69,21.96,51.2,3.17,13.97,309.76,3.88,2.51,600.01,318.86,346.19,365.33,4.45,2.52,4.88,3.68,0.12,78.95,0.16,75.13,-1.18,-1.34,-2,-2.16,0.61,0.64,0.28,0.29,-0.41,3.15,1.52,-1.29,9.57,73.41,0.05,0.59,0.72,-1.95,8.42,24.86,0,2.08,20.6,0.11,0.23,38.11,89.78,16.82,0.82,2.12,13.38,9.38,18.19,19.4,4.38,9.86,8.84,8.15,8.17,9.92,9.86,1.6,8.71,1.43,9.13,3661.79,621.27,-0.58,207.61,0.96,598.18,-0.57,124.78,1,0.2,0.32,0.19,0.25,0.93,0.83,3.29
106,1,54,5,4,0.56,41.6,37.2,0.88,20.09,0.67,13.33,0.59,0.12,0.66,0.69,0.67,0.78,37.28,99.6,3,13.64,280.13,3.77,2.34,600.54,340.69,370.42,389.38,4.54,2.72,4.65,3.64,-0.15,70.72,-0.06,70.46,-1.41,-1.47,-2.07,-2.12,0.49,0.46,0.12,0.1,-0.53,2.87,1.37,-1.41,9.35,53.83,0.03,0.42,0.8,-1.88,9.03,27.13,0.01,2.36,28.8,0.09,0.09,35.74,80.61,23.39,0.83,2.07,12.64,9.35,20.21,21.2,4.5,9.51,8.77,8.11,8.12,9.48,9.51,1.59,8.59,1.42,9.1,3998.47,612.32,-0.61,211.56,0.97,596.37,-0.58,131.5,1,0.2,0.35,0.18,0.24,0.95,0.79,3.18
107,2,63,5,5,0.48,36.5,28.5,0.83,14.97,0.52,8.76,0.53,0.1,0.56,0.57,0.58,0.73,16.42,49.4,3.17,14.44,316.73,3.94,2.48,600.36,319.01,350.09,373.31,4.54,2.54,4.89,3.74,0.13,81.48,0.2,79.2,-1.4,-1.56,-2.18,-2.32,0.63,0.63,0.19,0.18,-0.35,3.18,1.39,-1.39,9.03,26.68,0.04,0.54,0.48,-2.17,7.79,16.41,0,2.21,16.78,0.09,0.11,37.2,83.32,28.4,0.8,2.13,13.25,9.72,21.6,23.08,4.37,9.23,8.75,8,7.98,9.2,9.23,1.55,8.64,1.33,9.16,4021.27,607.64,-0.63,201.18,0.97,594.49,-0.59,123.75,0.99,0.16,0.27,0.15,0.22,0.89,0.7,2.76
108,2,76,6,6,0.48,37.3,32.6,0.85,16.95,0.64,17.82,0.58,0.15,0.56,0.66,0.66,0.74,31.66,58,3.05,14.11,295.36,3.86,2.4,598.21,310.49,342.57,359.37,4.72,2.45,4.8,3.71,0.01,76.68,0.07,75.29,-1.52,-1.57,-2.25,-2.37,0.6,0.56,0.15,0.14,-0.41,3.06,1.29,-1.47,8.93,34.82,0.03,0.52,0.53,-2.12,8.5,20.73,0,2.55,18.82,0.13,0.13,38.81,89.31,22.55,0.87,2.1,13.05,8.73,21.17,22.47,3.8,9.59,8.68,8.03,8.04,9.62,9.59,1.69,8.57,1.47,8.97,3683.71,619.55,-0.59,205.08,0.96,600.7,-0.57,129.42,0.99,0.15,0.26,0.15,0.24,0.92,0.89,3.15
109,2,74.67,6,6,0.54,39.2,34.9,0.85,16.79,0.69,24.02,0.56,0.17,0.57,0.66,0.66,0.76,35.58,67.7,3.16,14.11,320.93,3.97,2.61,602.77,304.31,329.48,361.53,4.75,2.5,4.98,3.72,0.14,80.29,0.29,80.76,-1.22,-1.42,-1.84,-2.2,0.69,0.64,0.24,0.22,-0.35,3.22,1.56,-1.24,9.5,63.85,0.04,0.61,0.74,-1.93,8.62,24.81,0,2.32,26.02,0.09,0.21,37.27,82.94,23.49,0.82,2.13,13.59,9.53,21.21,22.72,4.2,10.38,9.2,8.23,8.25,10.4,10.38,1.59,8.81,1.41,9.3,3860.87,608.14,-0.63,194.54,0.96,593.99,-0.59,120.68,1,0.15,0.26,0.15,0.27,0.94,1.3,3.46
110,2,76.67,6,6,0.5,37.4,35.2,0.86,18.21,0.67,17.33,0.61,0.16,0.62,0.69,0.71,0.74,30.19,67.9,3.15,14.23,306.48,3.88,2.61,601.96,318.41,332.47,357.33,4.51,2.6,4.85,3.65,0.03,76.46,0.21,76.95,-1.42,-1.6,-2,-2.34,0.68,0.65,0.19,0.19,-0.44,3.08,1.37,-1.42,9.21,59.37,0.05,0.56,0.66,-2.02,8.77,26.95,0.01,2.59,21.43,0.17,0.15,37.38,91.15,21.19,0.81,2.08,13.34,10,21.56,23.1,4.86,10.05,9.27,8.26,8.25,10.05,10.05,1.6,8.78,1.4,9.21,3702.49,622.08,-0.58,213.9,0.95,598.75,-0.57,121.78,0.99,0.2,0.37,0.2,0.26,1.01,1.06,3.42
111,1,54,4,4,0.57,38,36.9,0.87,18.84,0.67,12,0.62,0.12,0.73,0.66,0.66,0.74,31.52,71.9,3.24,13.94,323.64,3.89,2.28,599.88,336.59,360.13,370.12,4.45,2.89,4.73,3.61,0.01,73.31,0.13,74.42,-1.38,-1.43,-2.23,-2.53,0.55,0.5,0.13,0.15,-0.57,2.93,1.34,-1.46,8.66,-15.72,0.03,0.44,0.42,-2.24,7.23,-9.61,0,2.08,4.78,0.1,0.1,38.35,83.95,26.18,0.76,2.07,13,10.43,20.7,21.72,4.97,9.24,8.81,8.32,8.32,9.25,9.24,1.53,8.61,1.45,9.21,4339.65,611.41,-0.61,204.96,0.96,595.29,-0.58,125.11,0.99,0.18,0.29,0.18,0.22,0.91,0.58,2.88
112,3,85.67,6,6,0.47,37.1,35.4,0.86,17.72,0.6,18.48,0.68,0.19,0.74,0.67,0.68,0.73,30.66,60.3,3.31,14.26,335.68,4.07,2.58,602.56,317.3,344.2,361.76,4.51,2.59,4.99,3.75,0.24,80.82,0.25,78.27,-1.34,-1.43,-2.07,-2.34,0.64,0.66,0.16,0.21,-0.34,3.27,1.43,-1.36,9.05,38.4,0.03,0.59,0.51,-2.15,7.65,14.63,0,2.06,17.39,0.09,0.15,37.98,88.02,25.99,0.81,2.15,13.47,11.01,21.3,22.55,5.29,9.31,8.71,8.32,8.32,9.3,9.31,1.49,8.75,1.38,9.34,3829.24,607.4,-0.64,205.69,0.96,592.1,-0.6,120.62,1,0.15,0.25,0.15,0.24,0.98,0.9,3.12
113,2,68.33,6,5,0.49,37.4,34.4,0.85,17.02,0.57,14.2,0.56,0.16,0.59,0.69,0.7,0.77,37.46,72.9,3.14,13.94,309.32,3.78,2.42,599.43,286.09,318.96,356.22,5.1,2.36,4.7,3.6,0.05,77.5,0.02,72.03,-1.54,-1.69,-2.24,-2.47,0.45,0.49,0.06,0.06,-0.48,3.05,1.19,-1.56,8.16,-8.45,0.02,0.45,0.43,-2.22,7.45,15.9,0,1.57,-14.54,0.06,0.06,38.74,86.56,21.52,0.93,2.07,13.15,8.09,17.55,18.81,3.85,9.9,9.14,8.17,8.22,9.92,9.9,1.66,8.6,1.45,9.11,3657.64,623.49,-0.57,209.45,0.95,604.19,-0.56,134.89,0.99,0.21,0.35,0.21,0.37,1.07,2.63,4.74
114,1,54.33,5,4,0.52,33.4,26.5,0.81,13.6,0.48,10.52,0.48,0.12,0.46,0.55,0.56,0.62,20.11,25.4,3.25,14.38,336.07,4,2.6,600.99,299.3,327.58,357.17,4.76,2.51,4.94,3.7,0.17,81.49,0.24,79.42,-1.21,-1.34,-2.07,-2.18,0.63,0.59,0.26,0.2,-0.36,3.23,1.59,-1.22,9.43,19.35,0.05,0.59,0.69,-1.97,8.19,15.68,0,2.09,11.55,0.13,0.21,37.51,90.71,20.55,0.79,2.14,13.43,9.58,20.55,21.75,4.29,9.33,8.65,8.14,8.16,9.34,9.33,1.63,8.63,1.48,9.19,3816.27,613.16,-0.61,210.43,0.96,599.02,-0.57,131.86,0.99,0.16,0.27,0.15,0.26,0.93,1.08,3.39
115,3,84.33,6,6,0.48,37.8,34.1,0.83,15.39,0.51,12.76,0.51,0.12,0.51,0.68,0.69,0.74,41.42,63.5,3.21,14.49,324.63,3.97,2.54,604.17,320.93,352.99,387.7,4.58,2.58,4.93,3.77,0.2,83.35,0.22,80.04,-1.48,-1.52,-2.01,-2.29,0.63,0.61,0.13,0.14,-0.31,3.22,1.35,-1.42,8.91,28.33,0.04,0.61,0.6,-2.06,8.15,20.69,0,2.28,22.64,0.11,0.16,37.17,86.42,25.07,0.79,2.14,13.45,8.96,20.45,21.88,4.13,9.4,8.44,7.77,7.78,9.42,9.4,1.62,8.54,1.44,8.94,3601.77,609.54,-0.62,206.32,0.97,596.49,-0.59,128.77,1,0.19,0.31,0.15,0.23,0.94,0.78,2.95
116,1,55.67,5,5,0.54,39.1,36.8,0.86,17.87,0.57,14.2,0.58,0.15,0.63,0.73,0.7,0.77,51.13,72.9,3.19,14.57,322.17,3.92,2.58,603.12,324.32,356.09,382.46,4.48,2.59,4.96,3.76,0.12,82.52,0.25,81.63,-1.44,-1.55,-2.06,-2.3,0.61,0.59,0.17,0.17,-0.35,3.16,1.39,-1.38,9.07,54.7,0.03,0.57,0.58,-2.08,8.17,23.15,0,2.37,21.94,0.11,0.15,35.52,81.36,28.45,0.71,2.14,13.38,10.03,22.39,23.84,4.93,9.86,8.95,8.14,8.14,9.82,9.86,1.53,8.67,1.33,9.19,3313.12,614.91,-0.6,205.24,0.96,594.89,-0.6,124.34,0.99,0.15,0.26,0.14,0.24,0.98,1.02,3.17
117,1,50.33,4,4,0.54,36.3,29.7,0.83,14.86,0.41,7.05,0.49,0.1,0.62,0.57,0.59,0.73,17.85,63.2,3.06,14.14,295.55,3.87,2.47,595.35,309.88,326.2,361.06,4.72,2.5,4.8,3.67,0,75.69,0.13,74.97,-1.26,-1.51,-1.93,-2.22,0.49,0.46,0.16,0.13,-0.43,3.08,1.31,-1.46,8.86,47.89,0.04,0.43,0.77,-1.9,8.65,24.36,0.01,2.17,24.56,0.13,0.12,39.65,84.82,21.76,0.7,2.09,13.18,7.84,17.44,18.67,3.73,9.68,8.84,8.11,8.14,9.69,9.68,1.72,8.49,1.51,8.92,3671.41,615.79,-0.61,206.37,0.97,597.67,-0.58,125.21,0.99,0.22,0.36,0.2,0.25,0.96,0.71,3.3
118,2,60,5,5,0.5,37.1,33.3,0.86,16.96,0.69,13.79,0.62,0.15,0.7,0.65,0.65,0.74,28.95,72.5,3.22,14.53,316.1,3.99,2.59,603.02,329.16,355.56,387.06,4.49,2.58,4.97,3.74,0.13,80.26,0.25,79.98,-1.27,-1.5,-2.02,-2.28,0.69,0.7,0.24,0.21,-0.35,3.21,1.51,-1.29,9.6,67.88,0.05,0.63,0.73,-1.94,8.52,25.08,0,2.22,24.45,0.1,0.21,37.07,90.15,22.74,0.73,2.11,13.46,9.55,20.51,21.88,4.35,9.72,8.87,8.14,8.15,9.68,9.72,1.6,8.74,1.41,9.27,3652.58,608.74,-0.62,199.31,0.96,598.45,-0.57,123.34,1,0.2,0.33,0.14,0.19,0.87,0.43,2.63
119,1,49,4,4,0.52,37.8,32.8,0.86,16.71,0.69,13.79,0.59,0.17,0.54,0.68,0.63,0.75,32.57,77.6,3.14,13.94,302.31,3.83,2.34,598.98,329.14,353,357.39,4.62,2.62,4.71,3.63,-0.03,73.48,0.07,72.8,-1.33,-1.47,-2.09,-2.2,0.52,0.52,0.17,0.13,-0.51,2.98,1.4,-1.41,9.03,32.75,0.04,0.43,0.64,-2.04,8.26,11.72,0.01,2.1,23.62,0.11,0.11,38.73,86.63,19.41,0.77,2.07,12.88,9.39,18.73,19.92,3.83,9.23,8.73,8.24,8.24,9.21,9.23,1.59,8.54,1.47,9.14,4099.58,611.69,-0.62,204.79,0.96,598.65,-0.56,123.93,0.99,0.18,0.31,0.18,0.24,0.92,0.88,3.21
120,1,50.33,4,4,0.53,38.3,33.7,0.85,17.08,0.62,19.22,0.54,0.14,0.56,0.62,0.64,0.72,26.37,67.5,3.12,13.85,295.82,3.88,2.35,600.33,332.31,366.85,377.54,4.66,2.67,4.7,3.62,0.07,75.75,0.02,70.81,-1.43,-1.41,-1.98,-2.34,0.55,0.57,0.11,0.16,-0.46,3.06,1.29,-1.5,9,44.2,0.05,0.53,0.66,-2.01,8.36,13.79,0.01,2.28,22.93,0.13,0.1,38.39,90.47,20.41,0.69,2.08,13.01,8.85,19.5,20.69,3.78,9.25,8.55,7.94,7.95,9.25,9.25,1.62,8.44,1.54,8.94,3793.62,610.25,-0.62,207.15,0.96,603.76,-0.55,130.47,0.99,0.21,0.34,0.19,0.27,0.98,0.85,3.58